TransactionAmount,TransactionType,Location,Channel,CustomerAge,CustomerOccupation,TransactionDuration,LoginAttempts,AccountBalance,AgeGroup,Target
-1.1144932456964662,1,36,0,1.4322509142707522,0,-0.5376268592979668,0.0,0.004825950802449861,1,0
0.5514608787849028,1,15,0,1.319602573596157,0,0.3131170522131548,0.0,2.2296427644355914,1,2
-0.5983533788821362,1,23,2,-1.4402817729314232,3,-0.8921034890942676,0.0,-1.0217746727929478,2,2
-0.33057707186553964,1,33,2,-1.0460125805703402,3,-1.3316545100416806,0.0,0.8942818128316313,2,0
-0.7554034239181543,1,28,0,-1.4966059432687207,3,0.7526680731605677,0.0,-1.1094298873719666,2,0
-1.1467404869296967,0,39,0,-0.4264467068600671,0,0.28475892182945073,0.0,2.1158636354050273,0,0
-0.39074738788988406,0,16,1,1.2632784032588595,2,2.4399768309909593,0.0,-0.5910787291182074,1,2
-0.6906329308277286,0,11,1,0.3620916778620987,1,-0.46673153333870676,0.0,1.0296434686443834,0,1
2.574250738282204,1,26,0,0.587388359211289,0,0.015356683184262197,0.0,-1.0476258466819137,0,2
-1.097518592322626,0,0,2,0.41841584819939626,1,-0.8495662935187115,0.0,0.6448168269422314,0,1
-0.3051840944607704,1,22,2,-1.327633432256828,3,0.7668471383524198,0.0,-0.9171915321648092,2,2
1.0955698221610073,0,23,1,-1.1586609212449355,3,-0.11225490354240605,0.0,-0.8937229786621459,2,2
2.416924682622221,1,22,0,-1.0460125805703402,3,0.05789387875981828,0.0,-1.2617503455239418,2,2
-0.41112617229262444,1,21,2,-1.4966059432687207,3,0.21386359587019058,0.0,-1.2333853270157342,2,2
0.9618426748500218,1,10,0,-0.4827708771973646,1,0.14296826991093045,0.0,-0.41886622106719806,0,1
1.3774686727704737,0,2,1,-1.4402817729314232,3,0.5541611604746394,0.0,-1.0194821082527796,2,1
1.088255540625938,1,8,2,-0.31379836618547197,1,1.6317701150553934,0.0,0.004249593387188807,0,1
-1.0933784329631528,0,0,1,0.8126850405604792,2,-0.1831502295016662,0.0,0.7345767752966234,1,1
-0.8504890838740562,0,8,2,-1.4966059432687207,3,0.7101308775850117,0.0,0.3795560456408315,2,1
-0.9064272369976059,1,20,1,1.4885750846080497,2,-1.1473266625476042,0.0,0.1691598588287738,1,2
-0.7847525535997536,1,19,1,-0.3701225365227695,0,-0.3674780769957426,0.0,1.0427787570591514,0,2
-0.9391804977081052,1,1,2,-0.31379836618547197,1,0.015356683184262197,0.0,0.9987131450334291,0,1
-0.50979997036007,1,33,2,-1.327633432256828,3,-0.3249408814201865,0.0,-0.8137173649562132,2,0
-1.1448544143326034,0,15,2,1.1506300625842643,2,2.2272908531131788,0.0,-0.375348663190809,1,2
-0.9938306012531519,1,25,1,-0.4264467068600671,1,-0.33911994661203854,0.0,-0.6193099503693006,0,2
-0.593017173485482,1,19,2,-0.03217751449898419,0,1.1071447029568684,0.0,-0.8546027191012981,0,2
-0.9209177947557621,1,11,1,-0.9896884102330427,3,2.326544309456143,0.0,-0.9627649363572413,2,1
-1.0490787278167892,0,24,2,0.8126850405604792,0,-1.4025498360009407,0.0,0.8339212387039063,1,2
-0.907347272410822,1,3,0,-0.8770400695584475,0,1.9578886144679903,0.0,1.2170882798130076,2,1
2.8587716898193363,1,20,2,-1.2713092619195305,3,0.44072863893982306,0.0,-1.2078943765113066,2,2
-0.0050685426696217535,0,37,1,0.02414665583831336,0,-0.9771778802453798,0.0,2.5016011276652264,0,0
-0.6053916497932409,1,39,1,0.24944333718750358,1,-1.04807320620464,0.0,0.17271835126317608,0,0
-0.8198979063846152,1,25,1,-1.0460125805703402,3,0.3698333129805629,0.0,-1.0788289108554472,2,2
0.36464768813133813,1,28,2,0.587388359211289,2,1.3765469416020568,0.0,-1.0482665297015568,0,0
0.3317104203381957,1,35,0,1.0379817219096692,2,0.0011776179924101694,0.0,-0.1980698705386877,1,0
-1.0228117167694646,1,30,2,-0.3701225365227695,0,-1.4167289011927928,0.0,2.3468620267884948,0,0
-0.06873499326418796,0,5,2,0.700036699885884,0,-0.04135957758314592,0.0,2.1262354958555525,1,1
-0.9248279452619314,1,40,0,-1.4402817729314232,3,-0.027180512391293887,0.0,-1.2483448895707705,2,0
0.2205701424216696,1,21,1,-0.9896884102330427,3,-1.2182219885068644,0.0,-1.08706258821632,2,2
0.8230093309956861,1,6,1,1.6575475956199424,2,-0.41001527257129866,0.0,-0.1081117993227997,1,1
-0.42262661495782783,1,3,1,-1.0460125805703402,3,-0.6227012504490791,0.0,-0.9222192214032923,2,1
1.1678846056398067,1,28,2,-1.4402817729314232,3,-0.19732929469351823,0.0,-1.109424741323616,2,0
1.7045412621688594,1,10,2,-1.0460125805703402,3,0.2705798566375987,0.0,-1.2422416762270232,2,1
-1.078059843333102,0,34,2,-0.20115002551087688,1,0.7952052687361238,0.0,-0.9670361564881941,0,0
0.777329572729498,0,18,2,1.3759267439334546,2,0.029535748376114227,0.0,-0.3051385525201398,1,2
0.7737414346179546,1,29,2,0.3620916778620987,1,2.0571420708109542,0.0,0.023259095994104362,0,0
-0.7863166138022212,1,41,1,1.2632784032588595,0,0.3698333129805629,0.0,2.52450876189768,1,0
-0.3995797278567602,1,36,1,-0.933364239895745,3,0.3272961174050068,0.0,-1.0741279956872236,2,0
-0.6979932141334588,1,29,0,0.9816575515723718,2,-0.41001527257129866,0.0,-0.15841442194938316,1,0
0.2787163805369381,1,23,1,-1.1023367509076378,3,-0.5092687289142628,0.0,-0.9698819212260459,2,2
-0.9008150209769866,0,8,1,0.700036699885884,2,-0.9488197498616757,0.0,-0.4010120063149801,1,1
0.16651806189521348,0,9,1,1.319602573596157,2,-0.8212081631350074,0.0,-0.11709422671867704,1,1
0.5987506990242192,1,16,1,0.19311916685020603,1,-1.2891173144661245,0.0,0.13821152404859227,0,2
-0.6637678967618135,1,18,1,-1.214985091582233,3,-0.9629988150535277,0.0,-1.071189602079062,2,2
1.435982925051029,1,16,0,0.08047082617561092,1,0.4690867693235271,0.0,0.1045820980777767,0,2
0.42909616882713814,1,19,2,0.19311916685020603,1,1.5183375935205772,0.0,0.40091986536812163,0,2
1.5872367469837845,0,30,1,0.6437125295485865,1,-0.21150835988537026,0.0,0.8657804240421347,1,0
-1.1527667188862634,1,5,2,0.30576750752480114,0,0.07207294395167031,0.0,2.2886190515570197,0,1
-0.25315609184339005,0,26,1,-0.14482585517357932,1,0.9511749858464962,0.0,-0.6454132806274433,0,2
0.1934750995024504,1,16,1,0.6437125295485865,2,1.504158528328725,0.0,-0.5348555778643211,1,2
1.2176585214948068,1,0,1,-1.1023367509076378,3,0.12878920471907843,0.0,-0.8084529574936049,2,1
-0.6398009742475295,0,2,2,0.8690092108977767,1,-1.4592660967683488,0.0,-0.3673465580057106,1,1
-0.5649560933823855,1,1,0,-0.03217751449898419,1,1.433263202369465,0.0,-0.32090089861786103,0,1
-0.5205183829240394,1,9,2,-0.5390950475346622,1,0.22804266106204263,0.0,0.3296985561965702,0,1
-1.0653633546307173,1,4,0,0.9816575515723718,2,-0.9062825542861196,0.0,0.1987805131345144,1,1
-0.10323632125979824,0,17,2,-1.0460125805703402,3,2.284007113880587,0.0,0.37158738977001154,2,2
-0.7582555336991248,1,25,1,-0.03217751449898419,0,-0.7077756416001912,0.0,2.4656251036465617,0,2
-0.6259544412786244,1,24,1,-1.4402817729314232,3,-0.594343120065375,0.0,-0.9600118004896993,2,2
-0.3777288867928737,1,39,2,0.30576750752480114,0,-0.7361337719838953,0.0,1.398409293444483,0,0
-0.3342112117477439,1,10,0,-0.3701225365227695,1,-0.23986649026907433,0.0,-1.1683933093725183,0,1
0.016322280687656784,1,10,2,0.24944333718750358,0,0.7243099427768637,0.0,0.5360653871501506,0,1
-0.4676163466641037,1,36,2,-0.5954192178719597,0,0.5399820952827873,0.0,-0.918501201470023,0,0
-1.0663293918145944,1,23,1,1.0943058922469668,0,-0.7077756416001912,0.0,1.2289988087203458,1,2
-1.1351020389525108,0,36,2,0.7563608702231815,0,0.851921529503532,0.0,2.0045031490992202,1,0
0.6283758393297831,1,18,2,-1.1586609212449355,3,-0.26822462065277836,0.0,-1.1068645822692198,2,2
2.118695203428165,0,25,2,0.8690092108977767,2,-1.2040429233150123,0.0,-0.2648758702254709,1,2
-0.11823289849522348,1,15,1,-1.327633432256828,3,0.22804266106204263,0.0,-1.1515322819519556,2,2
1.7839863201000845,1,35,0,-0.8770400695584475,1,-0.6652384460246351,0.0,-1.0163275806138952,2,0
1.1607083294167198,0,23,1,0.3620916778620987,1,0.1146101395272264,0.0,0.672834487186777,0,2
2.7705402936918957,0,37,1,-0.9896884102330427,3,0.9369959206546441,0.0,-0.8286409051727954,2,0
-1.062649250161729,1,21,0,0.700036699885884,1,-0.580164054873523,0.0,-1.258829963085007,1,2
-0.5002316020626206,1,5,1,1.4885750846080497,2,0.19968453067833855,0.0,-0.7661575861004705,1,1
-0.6501973744168734,1,35,1,-0.4264467068600671,0,0.7952052687361238,0.0,0.6561741556518854,0,0
0.584260141266063,1,13,1,-0.82071589922115,1,-1.3458335752335326,0.0,0.9799300685539375,2,1
-0.7260082924658943,0,12,2,-1.3839576025941256,3,0.6817727472013075,0.0,1.1038211825933235,2,1
-0.27693900727503085,1,41,1,-0.9896884102330427,1,0.38401237817241496,0.0,1.1129374072463152,2,0
-0.5815627325909393,1,19,0,-0.7080675585465548,1,1.6459491802472455,0.0,0.7362621061314271,0,2
0.23248460102282023,1,7,2,0.08047082617561092,1,-0.9629988150535277,0.0,1.1127367113606437,0,1
-0.6503813814995165,1,39,2,0.8126850405604792,2,-0.5518059244898189,0.0,0.27048297782684183,1,0
2.301138225868953,1,34,1,-0.9896884102330427,3,-1.4450870315764968,0.0,-1.202323779171841,2,0
1.1380754582515993,1,20,2,-1.2713092619195305,3,-1.1898638581231602,0.0,-1.1953328724876247,2,2
-0.5213464147959341,1,35,0,1.0379817219096692,2,0.398191443364267,0.0,0.7430883392684258,1,0
-0.009162700258434114,0,9,2,0.3620916778620987,1,0.7810262035442718,0.0,0.9663779502227756,0,1
-0.1959758909119987,0,9,0,1.8828442769691325,2,2.312365244264291,0.0,-0.4026098543278245,1,1
0.328904312327886,1,14,2,-0.2574741958481744,1,-0.21150835988537026,0.0,-1.1870117123047925,0,2
-1.1678092978923493,1,36,2,0.13679499651290847,0,-0.16897116430981418,0.0,1.8144492914168695,0,0
0.20111139343214532,0,2,2,1.319602573596157,0,-1.019715075820936,0.0,2.175053483533003,1,1
0.6959524404305185,1,4,2,-1.0460125805703402,1,-0.8070290979431554,0.0,0.8370526091252134,2,1
-0.6464712309933476,1,14,1,-0.31379836618547197,1,0.6817727472013075,0.0,0.357029218986318,0,2
-0.9328782551275737,1,15,0,1.3759267439334546,2,0.029535748376114227,0.0,-0.8856668399693668,1,2
-0.8879345251919587,0,11,2,0.08047082617561092,0,0.6534146168176035,0.0,1.564781036617623,0,1
0.282948543437733,1,11,2,-0.9896884102330427,3,-0.39583620737944664,0.0,-1.2731205393544722,2,1
0.3463389834083342,1,32,2,-0.20115002551087688,1,-0.8212081631350074,0.0,-0.23694569280288463,0,0
-1.1561248481445028,1,42,0,0.6437125295485865,2,-1.1047894669720482,0.0,0.11962142438224622,1,0
-0.19238775280045523,0,11,2,1.4322509142707522,0,1.81609796254947,0.0,1.5587575870233092,1,1
1.5753222883826334,1,30,1,0.700036699885884,0,0.5541611604746394,0.0,-0.9463413230464749,1,0
2.690727221595384,1,40,2,-1.0460125805703402,3,-0.5518059244898189,0.0,-1.0265888010248831,2,0
-1.0038129854865485,1,23,2,-1.0460125805703402,3,-0.15479209911796216,0.0,-1.232420442950007,2,2
-0.6055756568758841,1,28,1,-0.6517433882092573,1,-0.19732929469351823,0.0,0.31296875300894644,0,0
0.2120138130787582,0,35,1,1.8828442769691325,2,-1.1189685321639002,0.0,0.010332222537533582,1,0
-0.22228890372998417,1,21,2,0.13679499651290847,1,2.1847536575376227,0.0,1.0939279046393993,0,2
-1.1527667188862634,0,20,1,-1.214985091582233,3,1.915351418892434,0.0,-1.0229016573817171,2,2
0.5748757800512568,1,0,0,0.6437125295485865,0,-0.6227012504490791,0.0,1.7347061261768146,1,1
-1.104970879169678,1,25,0,0.30576750752480114,0,0.07207294395167031,0.0,2.394897815116663,0,2
1.0567443277232806,1,28,2,-1.4966059432687207,3,-0.7219547067920432,0.0,-0.8606158765989106,2,0
0.36814382270155993,1,35,1,-1.327633432256828,3,-1.4309079663846447,0.0,-1.053137264465348,2,0
-0.10024620616684533,1,6,2,-1.214985091582233,3,0.015356683184262197,0.0,-1.2426353489258402,2,1
-1.1517086781610646,1,6,2,-0.82071589922115,0,1.8019188973576177,0.0,0.08987726491609267,2,1
-0.13442552176783,1,5,0,-1.4966059432687207,3,2.4825140265665153,0.0,-1.2225760524554132,2,1
-0.1040643531316928,0,28,2,1.206954232921562,2,-1.4450870315764968,0.0,-1.0361218555942688,1,0
-0.9683916220777219,1,20,0,-1.3839576025941256,3,-0.3816571421875946,0.0,-0.8836547350643034,2,2
0.7320638303992574,1,22,0,1.206954232921562,0,0.3131170522131548,0.0,1.2917111269442698,1,2
0.04323331652423266,1,30,2,0.5310641888739914,2,-0.3816571421875946,0.0,-0.16654775136742042,0,0
-0.8600574521715055,1,41,2,1.9954926176437278,2,-0.083896773158702,0.0,0.34975527964282194,1,0
0.3522272100529185,0,0,1,-0.5390950475346622,1,2.4683349613746635,0.0,-0.5931474405551267,0,1
0.05307769544564673,1,35,2,-1.3839576025941256,3,0.5825192908583434,0.0,-1.1571646318716278,2,0
1.1025160895307902,1,37,1,0.9253333812350742,0,2.0713211360028065,0.0,2.0098421742629116,1,0
0.5515528823262243,1,40,0,-0.4264467068600671,1,1.7877398321657658,0.0,1.0212193874945403,0,0
-0.7974030405314774,0,39,2,-0.4827708771973646,1,0.7384890079687157,0.0,1.0076235277523986,0,0
-0.7502972273748041,0,27,2,-1.3839576025941256,3,-0.6652384460246351,0.0,-1.0140941956297584,2,2
2.5163345090202394,0,22,1,1.319602573596157,0,0.14296826991093045,0.0,1.8203929772617498,1,2
-1.014807408674483,1,5,1,-1.214985091582233,3,0.043714813567966256,0.0,-1.1531249839164495,2,1
-1.0480666888622512,1,42,2,0.9816575515723718,0,-0.28240368584463044,0.0,0.9203902891381248,1,0
-0.537447034527219,0,21,2,0.47474001853669384,0,0.8235633991198279,0.0,1.2879030511648664,0,2
0.23556671965709483,1,11,1,-0.6517433882092573,0,2.3549024398398473,0.0,0.05513629250155906,0,1
-0.9003090014997176,0,40,1,0.6437125295485865,2,-0.9346406846698236,0.0,-1.0410903652767207,1,0
-0.8349404853907012,1,26,1,1.4322509142707522,0,0.08625200914352235,0.0,0.4703554957620336,1,2
-0.11248267716262177,1,22,0,-0.5954192178719597,1,0.6534146168176035,0.0,-1.2815446205043155,0,2
-0.5987213930474229,1,3,1,1.71387176595724,2,2.1138583315783626,0.0,0.14825918345303266,1,1
0.22075414950431296,1,15,1,-0.7643917288838524,1,-1.1756847929313083,0.0,-0.2666564029547597,2,2
0.11725016551748209,1,11,0,-1.2713092619195305,3,-0.14061303392611013,0.0,-0.9024815529547745,2,1
2.399075995605825,1,15,1,-0.7643917288838524,1,-1.4450870315764968,0.0,0.4456724748486417,2,2
-0.6310606378219749,1,20,1,0.6437125295485865,2,-0.3249408814201865,0.0,0.10885074518455433,1,2
-0.3642043662185945,1,6,2,1.7701959362945374,2,-1.076431336588344,0.0,0.0642859664688293,1,1
0.02078445244175558,1,10,1,-1.2713092619195305,3,-1.1756847929313083,0.0,-1.0782010929566805,2,1
-0.39971773316874265,1,6,2,-1.1586609212449355,3,-1.4167289011927928,0.0,-0.8458287066636179,2,1
-0.8424387740084138,1,32,1,-1.0460125805703402,3,-1.487624227152053,0.0,-1.1078706347217513,2,0
2.466652596706561,1,3,0,-1.4402817729314232,3,0.6392355516257515,0.0,-1.1123399777142002,2,1
-0.08879176527230268,1,31,2,1.4885750846080497,2,-1.033894141012788,0.0,-1.0062284607259495,1,0
-1.0221216902095522,0,30,2,0.5310641888739914,1,-0.9204616194779717,0.0,-1.1236149696502455,0,0
2.2259713326091832,1,30,2,-0.20115002551087688,0,0.05789387875981828,0.0,2.41114131673516,0,0
0.9070545659929928,1,0,0,0.7563608702231815,0,-0.5234477941061149,0.0,1.7889840711541942,1,1
0.20290546248791724,1,17,1,1.6012234252826447,2,-0.26822462065277836,0.0,0.7184361946451371,1,2
-0.6690120986171462,0,41,1,-1.4402817729314232,3,1.1638609637242765,0.0,-0.8082136662453046,2,0
-0.25150002809960087,1,19,0,0.8126850405604792,0,2.5534093525257755,0.0,0.5750878717923382,1,2
0.6571269459927918,1,32,0,0.8126850405604792,1,-0.14061303392611013,0.0,-0.4845169328992839,1,0
1.720457874817501,1,23,0,0.9816575515723718,2,-0.9488197498616757,0.0,-0.9596875994436149,1,2
-1.1289838034546227,0,30,0,0.8690092108977767,1,1.7877398321657658,0.0,-0.990991011559984,1,0
-0.1861315119905845,1,20,0,-0.3701225365227695,0,1.6459491802472455,0.0,0.7152559367644997,0,2
0.8672630343713889,0,19,1,-0.08850168483628175,0,-0.25404555546092633,0.0,1.3469205066730985,0,2
0.1113619388728978,0,41,2,-1.1023367509076378,3,-1.3458335752335326,0.0,-1.2351066801889918,2,0
1.068060763305841,1,17,1,0.41841584819939626,1,0.18550546548648653,0.0,0.6157699570275766,0,2
-1.1641291562394842,0,20,1,0.30576750752480114,0,0.1713264002946345,0.0,1.6189251843378887,0,2
-1.085650135492136,1,40,1,0.9816575515723718,2,-0.6227012504490791,0.0,-0.5997652587339284,1,0
1.0890835724978327,1,7,1,0.47474001853669384,2,1.6601282454390975,0.0,0.6019682553514132,0,1
0.23483069132652196,1,20,0,-1.4402817729314232,3,-1.487624227152053,0.0,-1.0385893857783557,2,2
-1.127879760958763,1,1,2,-0.08850168483628175,0,0.5966983560501954,0.0,0.22216415683939372,0,1
0.2643178263201034,1,40,1,0.8126850405604792,1,0.4549077041316751,0.0,0.5578666209872373,1,0
-0.530776777781401,1,22,1,0.8690092108977767,1,-0.26822462065277836,0.0,0.7806622112999345,1,2
0.14572526155652576,1,10,0,1.319602573596157,2,-0.7928500327513034,0.0,-0.8607882692186539,1,1
2.50336200969389,1,28,0,-0.7643917288838524,1,-0.15479209911796216,0.0,1.1750399187406995,2,0
1.054260232107597,1,15,0,0.08047082617561092,1,0.34147518259685883,0.0,0.328846885194555,0,2
1.2180725374307542,1,18,0,0.5310641888739914,0,1.3481888112183529,0.0,1.119012317324134,0,2
0.2234222522026401,1,32,0,1.1506300625842643,0,0.5541611604746394,0.0,2.1710575769888045,1,0
2.0141331787161363,1,25,0,0.9253333812350742,2,-0.6652384460246351,0.0,-0.9530697812648133,1,2
-0.6417330486152836,1,21,0,0.587388359211289,1,0.7384890079687157,0.0,0.4150560601870706,0,2
-0.8348484818493797,1,1,0,-1.1023367509076378,3,1.1780400289161286,0.0,-1.2023186331234903,2,1
2.915951890750728,0,19,2,-0.6517433882092573,1,0.5966983560501954,0.0,0.012215676233833439,0,2
0.4825962281056645,1,29,0,1.0379817219096692,0,0.8661005946953839,0.0,0.7338563285275469,1,0
-0.5741104457438875,1,5,1,-0.03217751449898419,0,-1.090610401780196,0.0,0.20071800033849474,0,1
1.0541222267956143,0,25,2,1.7701959362945374,2,-1.1615057277394563,0.0,-0.5194946235379425,1,2
1.3409892686364486,1,8,0,1.0943058922469668,2,0.1713264002946345,0.0,0.2733338886130441,1,1
0.9243512317614588,1,41,2,-0.933364239895745,1,-1.473445161960201,0.0,0.8297580855883153,2,0
1.149483897375481,1,6,0,0.7563608702231815,1,-0.7786709675594513,0.0,-1.2513553278558396,1,1
1.059090418026982,1,16,1,0.700036699885884,2,0.0011776179924101694,0.0,-0.6638129765048192,1,2
-0.4263527583813538,1,36,1,-0.20115002551087688,0,2.454155896182811,0.0,1.2856362168664506,0,0
1.4963832499286773,1,4,0,-1.2713092619195305,3,0.8093843339279758,0.0,-1.1870039932322667,2,1
-0.9400545313506607,1,23,0,0.19311916685020603,0,-0.4809105985305588,0.0,-1.0221529073467128,0,2
1.7199058535695713,1,4,0,-1.327633432256828,3,-0.8070290979431554,0.0,-1.2151477316614006,2,1
1.2299869960319052,1,28,0,-0.08850168483628175,0,0.5683402256664913,0.0,2.162651507008188,0,0
-0.17877122868485434,0,10,1,0.08047082617561092,1,-1.1898638581231602,0.0,-0.5238816297567827,0,1
-0.7584855425524288,1,13,0,0.3620916778620987,0,0.3131170522131548,0.0,2.5342553774736136,0,1
-1.1551588109606257,1,38,0,-0.31379836618547197,0,-0.9913569454372317,0.0,2.3285523867572535,0,0
-0.9307621736771763,0,25,0,0.6437125295485865,2,0.5966983560501954,0.0,0.42270823408433184,1,2
2.2097787093365766,1,22,1,0.19311916685020603,1,-1.544340487919461,0.0,-0.45809712066758257,0,2
-1.0272278867529026,0,13,2,0.47474001853669384,2,0.7243099427768637,0.0,-0.9140884650094302,0,1
-0.8733979656631415,0,21,2,-0.7080675585465548,1,0.35565424778871085,0.0,0.44430362598739637,0,2
1.528078469913978,1,32,1,-0.7080675585465548,1,0.15714733510278248,0.0,-1.1267283289023258,0,0
-0.3811790195924347,1,26,0,-1.327633432256828,3,2.312365244264291,0.0,-0.9742869386141129,2,2
-0.818977870971399,0,22,2,0.6437125295485865,1,0.9937121814220522,0.0,0.5562559078535164,1,2
-0.9922665410506842,1,21,1,0.8126850405604792,2,0.5258030300909353,0.0,-1.0136722196650136,1,2
-0.7320805261931218,0,1,1,1.826520106631835,2,-0.9062825542861196,0.0,0.3999189589639404,1,1
-1.0225817079161605,1,30,1,-1.2713092619195305,3,-0.5376268592979668,0.0,0.9304868360018953,2,0
1.0842533865784472,1,14,2,-1.214985091582233,3,-0.6368803156409311,0.0,-1.0898182971080372,2,2
2.6940853508536233,0,41,2,0.47474001853669384,0,0.9369959206546441,0.0,-1.1794753244954184,0,0
-0.8409667173472678,1,1,0,0.3620916778620987,1,0.5541611604746394,0.0,-0.5870082048729258,0,1
2.319262923509313,1,31,2,0.700036699885884,1,-0.01300144719944186,0.0,0.27954774199632787,1,0
0.5305300731342325,1,37,1,1.2632784032588595,2,0.34147518259685883,0.0,-0.41403408166603567,1,0
-0.1720549701683755,1,39,0,-1.4966059432687207,3,-1.5018032923439049,0.0,-1.116497984781441,2,0
-0.13327547750130964,1,1,2,-1.4966059432687207,3,-0.7644919023675993,0.0,-1.117300768324126,2,1
-0.08451360060084696,0,18,1,-0.31379836618547197,0,-0.46673153333870676,0.0,0.8791086892700477,0,2
0.3900406655361072,1,38,2,-1.4966059432687207,3,0.412370508556119,0.0,-1.178981303853766,2,0
0.8198352088200899,1,22,0,0.8126850405604792,0,1.362367876410205,0.0,1.9438852725539681,1,2
0.25999365987798695,0,32,1,0.5310641888739914,1,-1.0622522713964921,0.0,-1.2505525443131544,0,0
-0.8336064340415377,1,4,0,-1.214985091582233,3,0.49744489970723116,0.0,-1.0293470829407756,2,1
-1.0721256149178569,1,20,0,0.8126850405604792,1,0.5966983560501954,0.0,0.4162370782835206,1,2
-0.9613533511666175,0,39,2,-1.1023367509076378,3,-0.8212081631350074,0.0,-1.1923610295651845,2,0
1.1797070606996354,1,34,1,1.9391684473064301,2,-1.2607591840824204,0.0,0.48910254990307145,1,0
1.066266694250069,1,21,1,-0.08850168483628175,1,0.6959518123931596,0.0,0.5088505104482902,0,2
-1.1203354705703896,1,13,0,-0.03217751449898419,1,0.5258030300909353,0.0,1.016791212888896,0,1
1.2859711509261154,1,19,2,-0.08850168483628175,1,-1.3741917056172366,0.0,1.170382744983456,0,2
0.06605019477199643,0,42,2,-1.0460125805703402,1,-0.9346406846698236,0.0,0.30117401018949586,2,0
-0.7285843916228999,1,10,1,1.5448992549453473,2,-1.4309079663846447,0.0,0.609002903446609,1,1
-0.27730702144031727,1,37,2,0.9253333812350742,2,-0.29658275103648246,0.0,-0.22118591972933865,1,0
-0.02383726509923368,1,38,0,-0.14482585517357932,1,1.8019188973576177,0.0,0.8260555038000975,0,0
-0.97450985757561,1,12,2,-0.933364239895745,3,1.2205772244916846,0.0,-1.2296930373242179,2,1
-0.35647606874757776,1,3,2,-0.5390950475346622,0,0.8661005946953839,0.0,0.03802310871181954,0,1
0.5994867273547922,1,27,1,0.08047082617561092,0,0.12878920471907843,0.0,0.45532388853009004,0,2
-0.4104361457327123,1,10,2,1.7701959362945374,2,-1.4025498360009407,0.0,-0.3128087375866281,1,1
0.40876338619505864,1,14,1,1.3759267439334546,2,1.9011723537005822,0.0,-0.26936322438714666,1,2
-0.8349864871613621,1,33,0,1.5448992549453473,2,-0.027180512391293887,0.0,-0.6905286865166768,1,0
1.9107672000412874,1,42,1,0.7563608702231815,1,-0.9204616194779717,0.0,0.030471282757393983,1,0
-0.00608058162415965,1,39,0,0.02414665583831336,1,0.4690867693235271,0.0,0.28931236874148814,0,0
-0.9687596362430083,1,30,2,-1.1023367509076378,3,-0.14061303392611013,0.0,0.22762668716349777,2,0
0.3373226363588148,0,35,2,-1.0460125805703402,3,-0.7503128371757473,0.0,-0.8804358818210372,2,0
-0.961169344083974,1,36,0,1.0943058922469668,0,-1.2891173144661245,0.0,0.8130926080050732,1,0
-1.0137493679492842,1,24,1,1.0379817219096692,2,0.14296826991093045,0.0,-0.15532421991488046,1,2
-0.48380896993671013,0,27,1,-0.4264467068600671,0,-0.3249408814201865,0.0,1.7523236227049073,0,2
-0.06321478078489023,0,37,2,-1.2713092619195305,3,1.6317701150553934,0.0,-1.1862758273906642,2,0
-0.9551891138980684,1,41,1,-1.327633432256828,3,-1.4450870315764968,0.0,-1.1005786842090282,2,0
-0.9793860452656563,1,4,0,-1.1023367509076378,3,-0.5518059244898189,0.0,-1.1618218056288716,2,1
0.8622028395986995,1,19,0,0.47474001853669384,2,-0.45255246814685474,0.0,-0.504210859936822,0,2
0.5003989133513994,1,9,2,1.319602573596157,2,-0.8779244239024155,0.0,0.20600556501868042,1,1
2.3049103710631393,1,20,0,-1.2713092619195305,3,-1.1615057277394563,0.0,1.142156669780713,2,2
-1.0848221036202415,1,13,1,0.3620916778620987,1,-0.6652384460246351,0.0,0.06009965613566031,0,1
1.0074304295748884,1,31,0,-0.5954192178719597,1,-0.19732929469351823,0.0,-0.7957988245996133,0,0
-1.0194995892818859,1,37,0,0.6437125295485865,2,-1.3458335752335326,0.0,0.4461922257320467,1,0
1.9926963535881965,1,28,1,-0.9896884102330427,3,-0.3674780769957426,0.0,-0.890187643445321,2,0
-0.20784434774248858,1,42,0,1.6012234252826447,2,-0.41001527257129866,0.0,-0.2635507627752054,1,0
-0.2070163158705939,0,13,1,0.3620916778620987,1,2.369081505031699,0.0,0.7333159934507397,0,1
2.2451080692040812,0,15,2,-0.31379836618547197,1,-0.16897116430981418,0.0,0.9646308668077652,0,2
-0.8967208633881741,1,31,2,-1.1586609212449355,3,0.7243099427768637,0.0,-0.8261167684568528,2,0
-0.40905609261288783,1,23,1,-0.4264467068600671,0,-0.5234477941061149,0.0,1.9125947255584752,0,2
0.48347026174821994,1,26,2,-1.327633432256828,3,-0.5092687289142628,0.0,-0.09150035524723832,2,2
0.5634673409273752,1,41,1,1.8828442769691325,2,0.10043107433537438,0.0,-0.7186261105106558,1,0
-0.07016104815467306,1,8,1,-0.82071589922115,0,-0.9062825542861196,0.0,1.8761452650915607,2,1
-0.5724083802294373,0,13,1,-0.7643917288838524,1,-1.5018032923439049,0.0,-0.14058851046309295,2,1
-1.0860181496574226,1,28,2,-0.4827708771973646,1,1.3340097460265008,0.0,-0.7836464314197998,0,0
0.7338118976843683,1,36,1,1.4322509142707522,0,0.7243099427768637,0.0,1.2646094633061213,1,0
-0.7162559170858019,1,9,1,0.30576750752480114,0,0.35565424778871085,0.0,2.4134647575654316,0,1
1.054260232107597,1,21,2,-1.4402817729314232,3,0.412370508556119,0.0,-0.9160310982617612,2,2
0.2980371242144798,1,20,1,0.08047082617561092,0,0.851921529503532,0.0,0.4918582587947886,0,2
2.092796206546127,1,38,1,-1.327633432256828,3,-0.9629988150535277,0.0,-1.0647313113991275,2,0
-1.1230495750393776,1,15,0,-0.14482585517357932,1,0.28475892182945073,0.0,0.707948548106725,0,2
0.43507639901304396,1,7,0,-1.3839576025941256,3,-0.7786709675594513,0.0,-1.2535501174773471,2,1
0.20925370683910952,1,8,2,0.5310641888739914,1,-1.3316545100416806,0.0,0.3840845681893115,0,1
-1.0443405454387253,1,21,2,1.1506300625842643,2,-1.2607591840824204,0.0,-0.29554631839472273,1,2
-0.11340271257583799,1,33,1,-0.9896884102330427,3,0.412370508556119,0.0,-1.0203260601822692,2,0
-0.3538999695905721,1,28,0,0.7563608702231815,2,1.7735607669739137,0.0,-0.6347197921550095,1,0
-1.0104372404617057,1,17,1,0.19311916685020603,0,-0.9062825542861196,0.0,0.35145604862267715,0,2
-0.5439332841903937,0,20,1,0.47474001853669384,0,2.298186179072439,0.0,-0.8860888159341115,0,2
-0.10636444166473348,1,21,0,-0.6517433882092573,1,-0.6652384460246351,0.0,0.4749226136731428,0,2
1.6228421174752543,1,40,0,-0.31379836618547197,1,0.8235633991198279,0.0,1.0138785495224873,0,0
0.8293115735762175,1,20,1,-0.7643917288838524,0,-0.11225490354240605,0.0,2.385637501109856,2,2
2.824822383071656,1,20,1,-0.8770400695584475,0,-0.9062825542861196,0.0,1.2921022266189115,2,2
0.45099301166168543,1,6,0,1.6575475956199424,2,0.12878920471907843,0.0,0.582840393632435,1,1
-1.0752077335521313,1,18,2,0.47474001853669384,1,-0.09807583835055403,0.0,-0.16864219304609257,0,2
-0.3412034808881876,1,23,1,-1.0460125805703402,3,-0.9346406846698236,0.0,-1.0079446678508563,2,2
-0.5959612868077739,1,30,1,-1.0460125805703402,1,2.425797765799107,0.0,0.08607433518503929,2,0
0.1463232845751163,1,41,2,-0.4264467068600671,1,-0.9771778802453798,0.0,-0.3706040066116059,0,0
-0.6329467104190684,1,1,1,0.587388359211289,1,0.05789387875981828,0.0,-0.7689827666449199,0,1
1.8191776746556074,1,16,0,-1.327633432256828,3,0.6675936820094556,0.0,-0.8467009618590353,2,2
-0.8727079391032293,1,11,0,-0.4264467068600671,1,-1.2182219885068644,0.0,-0.39457172680427216,0,1
-0.7260542942365552,1,10,1,1.3759267439334546,2,0.6675936820094556,0.0,-0.3933263831034401,1,1
-0.5401151372255462,1,42,2,1.4885750846080497,2,-1.2607591840824204,0.0,0.4269846002636352,1,0
-1.0234097397880553,1,26,1,-1.0460125805703402,3,0.8235633991198279,0.0,-0.9388203733821524,2,2
-1.0702395423207633,1,1,1,0.7563608702231815,0,0.6392355516257515,0.0,1.4654494383312158,1,1
-1.0594291262154722,1,36,0,1.1506300625842643,0,2.326544309456143,0.0,2.0070041285975853,1,0
-1.1007847180395438,1,20,1,-0.9896884102330427,1,-1.0622522713964921,0.0,-0.5905872815007303,2,2
2.058708894486464,1,35,2,0.08047082617561092,1,-0.8070290979431554,0.0,-0.38847108648470036,0,0
-1.0571750394530923,1,15,0,1.826520106631835,2,1.5466957239042811,0.0,-0.5166823081143692,1,2
-0.5012436410171586,1,38,1,-0.14482585517357932,1,1.9862467448516943,0.0,0.43850917554468216,0,0
-0.2495679537318466,1,22,0,-0.9896884102330427,3,-1.4309079663846447,0.0,-1.118489505493102,2,2
0.2394768701632641,1,26,1,1.71387176595724,2,-1.133147597355752,0.0,0.08603059377405987,1,2
-1.127879760958763,1,24,0,0.47474001853669384,1,0.35565424778871085,0.0,0.6107963012967743,0,2
0.17383234343028275,1,14,2,-0.3701225365227695,1,0.24222172625389465,0.0,0.3264411075906748,0,2
-0.5378150486925055,1,4,2,-0.9896884102330427,3,-1.2465801188905685,0.0,-0.9745828363942692,2,1
0.8108648635412313,1,7,0,-0.8770400695584475,0,0.2564007914457467,0.0,2.2011979821779506,2,1
-0.574708468762478,1,5,2,-0.08850168483628175,0,-0.7644919023675993,0.0,-0.9664160576619534,0,1
1.197693753028014,1,23,0,-0.14482585517357932,1,0.12878920471907843,0.0,-0.7919161311191266,0,2
0.5434565706899211,0,37,1,-1.0460125805703402,3,0.8377424643116799,0.0,-0.8804744771836661,2,0
-0.4150823245694545,1,29,0,1.319602573596157,0,1.5325166587124293,0.0,1.7314075091841148,1,0
1.7045412621688594,1,6,0,-1.214985091582233,3,0.38401237817241496,0.0,-1.1594932187502498,2,1
0.9682829227425359,1,2,1,0.6437125295485865,2,0.6534146168176035,0.0,0.08467203700951566,1,1
2.449493936250077,1,31,2,0.7563608702231815,2,1.5892329194798374,0.0,-0.8181506856102082,1,0
1.2370712687136702,1,7,0,1.3759267439334546,2,0.21386359587019058,0.0,-0.10288341419864518,1,1
1.731176287381471,1,10,0,1.9954926176437278,2,-0.608522185257227,0.0,-0.18775718964419427,1,1
-0.6072777223903342,1,28,0,1.5448992549453473,2,-0.41001527257129866,0.0,-0.45637576749432507,1,0
-0.9775919762098847,1,14,0,0.9816575515723718,2,0.043714813567966256,0.0,-0.18949655398667875,1,2
0.12626651256700147,1,36,1,-0.933364239895745,3,-1.2749382492742725,0.0,-0.9196256130346173,2,0
-0.4040418996108591,1,37,0,1.4885750846080497,2,-0.09807583835055403,0.0,0.22362820759512383,1,0
-0.17375703568282563,0,10,1,-0.2574741958481744,1,0.05789387875981828,0.0,0.41317003346659537,0,1
-0.5682222190993033,1,28,0,-1.327633432256828,3,0.34147518259685883,0.0,-1.0988676231324719,2,0
-0.4553798756683272,0,9,1,-0.14482585517357932,0,2.411618700607255,0.0,2.2824926809956945,0,1
-0.5133421067009525,1,0,2,-1.3839576025941256,3,0.5683402256664913,0.0,-1.0873945083349303,2,1
1.7796161518873077,1,1,0,1.0943058922469668,0,-0.3674780769957426,0.0,-1.0440287588848824,1,1
-0.2221508984180017,1,28,2,-0.7080675585465548,0,-1.1756847929313083,0.0,0.8710834268673716,0,0
0.1800425824694927,1,23,0,0.8126850405604792,2,-1.1756847929313083,0.0,0.3054709605622014,1,2
-1.040246387849913,1,2,0,-0.03217751449898419,0,-0.28240368584463044,0.0,-1.186762128959791,0,1
-0.663859900303135,0,31,0,-1.0460125805703402,3,0.5683402256664913,0.0,-1.0216383025116582,2,0
-0.35017382616704623,1,31,1,0.7563608702231815,1,0.35565424778871085,0.0,0.8588178206238462,1,0
-1.1162413129815771,0,10,2,-0.3701225365227695,1,0.412370508556119,0.0,0.8360619948177338,0,1
-0.7352086465980571,1,27,1,0.7563608702231815,2,-0.33911994661203854,0.0,0.537444528108097,1,2
-0.814285690363996,1,20,2,1.2632784032588595,2,-0.6935965764083392,0.0,-0.8751637552859031,1,2
-0.7145078498006908,1,35,0,-0.9896884102330427,3,0.5825192908583434,0.0,-0.8742837810179599,2,0
-0.836964563299777,1,12,2,0.24944333718750358,1,-0.7219547067920432,0.0,0.3012383357938777,0,1
-0.9968667181167656,1,41,1,0.41841584819939626,1,0.7101308775850117,0.0,0.8758280834465748,0,0
-0.7222361472717076,1,39,0,-0.2574741958481744,0,-1.033894141012788,0.0,-0.983238489719887,0,0
-0.6095778109233749,1,19,2,0.6437125295485865,1,1.7735607669739137,0.0,-0.29173824261531905,1,2
0.7846438542645675,1,29,0,-1.4402817729314232,3,1.830277027741322,0.0,-1.188033202902376,2,0
-0.564128061510491,0,38,2,-1.1023367509076378,3,0.05789387875981828,0.0,-0.8288313089617656,2,0
-0.1562763628317165,1,41,2,0.24944333718750358,1,-0.6510593808327831,0.0,-0.508446057729321,0,0
-0.1859475049079413,0,41,2,-1.2713092619195305,3,0.29893798702130275,0.0,-0.8366867517688735,2,0
2.6214945567508594,1,7,0,-0.8770400695584475,0,1.2772934852590927,0.0,0.6399460921784399,2,1
-0.5745704634504956,1,5,1,1.2632784032588595,2,1.9720676796598422,0.0,0.3985295259092932,1,1
-0.24611782093228557,0,22,1,0.9253333812350742,0,0.42654957374797103,0.0,0.655811359243172,1,2
0.05533178220802664,1,24,0,-1.0460125805703402,3,0.7384890079687157,0.0,-1.2753745085320114,2,2
2.0994664632919453,1,30,1,-0.03217751449898419,0,-1.3316545100416806,0.0,0.780296841867046,0,0
0.4483249089633583,1,25,0,-0.14482585517357932,0,0.34147518259685883,0.0,-1.128966859934813,0,2
-0.20066807151940164,1,39,1,-0.9896884102330427,1,0.12878920471907843,0.0,0.65663987302761,2,0
0.49708678586382093,1,7,0,0.3620916778620987,1,0.38401237817241496,0.0,0.7786681175640982,0,1
-0.28172319142375546,1,21,0,0.08047082617561092,0,0.35565424778871085,0.0,0.25928260359187916,0,2
-0.11846290734852748,1,33,1,1.9954926176437278,2,1.2063981592998325,0.0,-0.6514984828019634,1,0
2.221509160855084,0,40,1,0.7563608702231815,0,-1.019715075820936,0.0,1.7527919131048069,1,0
0.616369377187311,0,29,0,1.0943058922469668,0,-0.8212081631350074,0.0,0.5152290373787916,1,0
-0.06592888525387826,1,9,2,0.7563608702231815,1,0.07207294395167031,0.0,-0.18287101673535128,1,1
-0.06427282151008903,0,35,0,-1.4966059432687207,3,2.1563955271539186,0.0,-0.9686725998636676,2,0
-0.5581478313245851,1,37,0,-1.214985091582233,3,0.8661005946953839,0.0,-0.9817255515048265,2,0
-0.28899147118816404,1,28,1,1.9954926176437278,2,2.0996792663865107,0.0,-0.5567880359343466,1,0
2.3868855263807096,0,0,2,0.8126850405604792,0,-1.1473266625476042,0.0,0.2274903168822084,1,1
0.046959459947758575,1,12,0,1.5448992549453473,2,-0.26822462065277836,0.0,0.6647320340588428,1,1
-0.4736425786206703,1,23,0,0.02414665583831336,1,0.35565424778871085,0.0,-0.11212057098787472,0,2
-1.1557568339792161,1,27,1,-0.5954192178719597,1,-0.41001527257129866,0.0,-0.4632586071631798,0,2
-0.6313826502166004,1,11,0,0.700036699885884,1,0.1713264002946345,0.0,0.747411019882884,1,1
-0.6285765422062909,1,40,1,-0.82071589922115,1,0.05789387875981828,0.0,-0.4266367540765219,2,0
-0.6852507236604134,1,41,2,0.7563608702231815,0,-1.2324010536987164,0.0,-1.2220279983060802,1,0
-0.6460572150574001,1,33,0,0.47474001853669384,2,-0.8779244239024155,0.0,-0.3078067785898977,0,0
0.8357518214687316,1,30,0,1.2632784032588595,2,1.81609796254947,0.0,0.06831274930313115,1,0
1.9363441845286997,1,15,2,-0.9896884102330427,1,2.383260570223551,0.0,-1.14902615640524,2,2
0.1823426710025334,1,19,1,-0.5390950475346622,0,1.830277027741322,0.0,0.5983222800950515,0,2
0.19655721813672472,0,4,1,-0.4827708771973646,1,-0.49508966372241087,0.0,0.13426193193954863,0,1
0.943763978980322,0,10,1,-1.1586609212449355,3,-1.0622522713964921,0.0,-0.797193403702611,2,1
-0.7168999418750533,1,19,0,0.30576750752480114,1,-0.1264339687342581,0.0,-1.1938996980219976,0,2
-0.7866846279675077,1,42,0,1.206954232921562,2,0.6675936820094556,0.0,-0.7512443379805892,1,0
-0.8123996177669026,1,33,1,-0.31379836618547197,1,0.7243099427768637,0.0,0.3495931791197797,0,0
2.401882103616135,0,29,2,1.71387176595724,2,-0.16897116430981418,0.0,0.6741878979029705,1,0
0.5981066742349678,1,31,2,-0.14482585517357932,1,0.22804266106204263,0.0,0.1119023518564278,0,0
-0.41913048038760603,1,34,2,-0.5390950475346622,0,-0.1831502295016662,0.0,1.2470125509714307,0,0
-1.11357321028325,1,20,0,-0.5954192178719597,1,0.44072863893982306,0.0,0.4949304496600643,0,2
-0.10843452134447018,0,16,1,0.587388359211289,2,0.3698333129805629,0.0,-0.6257991173393386,0,2
0.17300431155838833,1,31,1,1.319602573596157,2,0.48326583451537913,0.0,0.5862367855437953,1,0
-0.5522136029093402,1,24,2,-1.4402817729314232,3,-0.083896773158702,0.0,-1.242416641870942,2,2
-0.024389286347163468,1,7,2,-0.4827708771973646,0,-1.2040429233150123,0.0,1.2628932561812143,0,1
-0.9485188571522503,0,34,0,1.826520106631835,2,-1.1898638581231602,0.0,0.6840863219052451,1,0
-1.0808659513434113,1,14,1,-0.5954192178719597,1,1.9720676796598422,0.0,1.1580296559179712,0,2
-0.8422087651551099,1,4,1,-1.327633432256828,3,-1.3883707708090887,0.0,-0.9684976342197491,2,1
-0.8562393052066579,1,22,0,-0.3701225365227695,0,2.0004258100435464,0.0,1.6805645514807241,0,2
1.991546309321676,1,12,0,-1.2713092619195305,3,-0.26822462065277836,0.0,-1.2671151009293855,2,1
2.247960178985052,1,13,2,-0.933364239895745,3,1.5892329194798374,0.0,-1.2692429919223362,2,1
-0.928094070978849,1,25,0,0.7563608702231815,1,0.5825192908583434,0.0,0.5254593814996763,1,2
-0.9306701701358546,1,21,1,-0.9896884102330427,3,0.38401237817241496,0.0,-1.1898471849459429,2,2
-0.6849287112657877,1,2,2,1.2632784032588595,2,0.35565424778871085,0.0,0.6237128826566437,1,1
-0.16897285153410105,1,5,0,0.19311916685020603,0,-1.0622522713964921,0.0,0.7513683310644537,0,1
-0.7491011813376229,1,30,2,0.3620916778620987,1,-0.3107618162283345,0.0,-0.5923755333025449,0,0
0.08997111551561952,0,26,1,0.9816575515723718,2,-0.16897116430981418,0.0,-0.8532338702400529,1,2
0.5539909761712476,1,25,1,1.319602573596157,2,2.0713211360028065,0.0,0.6833144146526632,1,2
2.02848573116231,1,1,2,1.319602573596157,2,-0.39583620737944664,0.0,-0.7918312213213426,1,1
0.857372653679314,1,36,1,-1.214985091582233,3,0.24222172625389465,0.0,-0.8499172420781264,2,0
1.6907407309706153,1,38,0,-0.9896884102330427,3,1.844456092933174,0.0,-1.127495090106557,2,0
-0.887612512797333,1,13,0,-1.0460125805703402,3,-1.1756847929313083,0.0,-0.9127118970756591,2,1
0.41626167481277127,1,18,0,-0.03217751449898419,0,-0.4383734029550027,0.0,0.5441163797945793,0,2
-1.1448084125619424,1,9,2,1.0379817219096692,2,-1.1756847929313083,0.0,0.3582488324453973,1,1
-0.22955718349439266,1,41,0,1.1506300625842643,2,2.269828048688735,0.0,-0.2853674347573435,1,0
0.7670711778721367,1,8,0,0.8690092108977767,1,-1.019715075820936,0.0,-1.2043487491977807,1,1
-1.0144393945091965,0,7,2,0.5310641888739914,2,0.7526680731605677,0.0,-0.07662570248998633,0,1
-0.7717340525027433,0,33,1,-0.933364239895745,3,-0.19732929469351823,0.0,-1.24711498401499,2,0
-1.075989763653365,1,27,2,0.5310641888739914,2,-0.580164054873523,0.0,0.39574294072747274,0,2
0.3612435571024379,1,13,2,-1.327633432256828,3,2.0004258100435464,0.0,-0.8830037599479593,2,1
0.28938879133024686,0,29,2,0.5310641888739914,2,-0.8495662935187115,0.0,0.10563703798963864,0,0
-0.5155041899220107,1,28,0,-1.4966059432687207,3,-0.4383734029550027,0.0,-1.23023079937685,2,0
0.42477200238502166,0,14,1,1.3759267439334546,2,0.42654957374797103,0.0,-0.6813043948483237,1,2
0.5053211028121064,1,28,0,0.9816575515723718,0,0.880279659887236,0.0,1.4845155474699874,1,0
-0.7233861915382279,1,30,2,0.587388359211289,2,-1.515982357535757,0.0,0.08270110049125672,0,0
1.3017957600334356,1,25,0,0.587388359211289,2,0.1146101395272264,0.0,-0.30207665375156517,0,2
-0.3099222768388342,1,28,1,0.7563608702231815,1,-0.3816571421875946,0.0,0.5716966259293286,1,0
2.087460001149473,1,12,0,-1.0460125805703402,3,1.5325166587124293,0.0,-1.1907503164314637,2,1
0.24067291620044523,1,25,2,0.47474001853669384,0,0.7243099427768637,0.0,1.2605003436982107,0,2
-0.41255222718310963,1,23,0,0.700036699885884,2,0.28475892182945073,0.0,0.012282574862390355,1,2
-0.8730299514978551,1,33,1,-1.214985091582233,3,-0.5659849896816709,0.0,-0.8895289492564513,2,0
-0.15149217868299178,1,9,1,1.826520106631835,2,0.8377424643116799,0.0,0.7304702287128879,1,1
1.856577114202849,1,11,2,0.8690092108977767,1,-0.06971770796684996,0.0,-0.2999539088069651,1,1
1.7411586716148673,1,6,0,-0.9896884102330427,3,-1.04807320620464,0.0,-1.1591355683898867,2,1
0.13864098887476034,0,4,1,-0.82071589922115,1,-0.8353872283268595,0.0,0.8811310862718122,2,1
0.3063634447040871,0,30,1,1.7701959362945374,2,0.6959518123931596,0.0,-0.6926231281953488,1,0
1.831414145651384,1,8,1,-1.4402817729314232,3,-0.06971770796684996,0.0,0.433028634051351,2,1
-0.45261976942867843,1,30,1,0.19311916685020603,0,0.29893798702130275,0.0,0.11230374362777046,0,0
-0.007322629432001537,1,10,1,0.700036699885884,1,-0.8779244239024155,0.0,0.23193650265707974,1,1
2.4822471969605764,1,33,2,1.1506300625842643,2,0.0011776179924101694,0.0,0.096520813336647,1,0
-0.492733313444908,1,29,0,-0.31379836618547197,1,0.3272961174050068,0.0,0.15028158045479723,0,0
-0.865623666421464,0,14,2,-0.2574741958481744,0,0.9937121814220522,0.0,1.2354751105695074,0,2
-1.0064810881848758,1,12,0,0.700036699885884,2,-1.090610401780196,0.0,0.6808443114444012,1,1
0.8830876434787087,1,1,0,-1.1023367509076378,3,0.5966983560501954,0.0,-1.0732763246852082,2,1
-1.139518208935949,1,19,2,0.19311916685020603,0,2.1847536575376227,0.0,1.4627374708504783,0,2
1.3039118414838324,1,37,2,0.08047082617561092,1,0.8235633991198279,0.0,-0.7827664571518564,0,0
0.49299262827500834,1,18,0,1.0379817219096692,2,0.3272961174050068,0.0,-1.043243986511424,1,2
-0.8807582489688718,0,11,1,0.3620916778620987,2,-0.6652384460246351,0.0,0.45314968310198434,0,1
0.46838168097147315,1,4,0,-1.4966059432687207,3,0.5399820952827873,0.0,-1.1510665645762312,2,1
-0.41016013510874744,1,35,1,-0.82071589922115,0,-0.49508966372241087,0.0,1.6023188863106779,2,0
-0.6185021544315727,1,6,1,0.8690092108977767,0,0.19968453067833855,0.0,2.4231058791501785,1,1
-0.5464633815767385,1,21,2,0.5310641888739914,1,-0.6935965764083392,0.0,0.0026285881567668897,0,2
1.2800369225108705,1,28,2,0.587388359211289,0,-1.04807320620464,0.0,2.238550574130386,0,0
0.9548044039389175,1,23,2,0.30576750752480114,1,1.1355028333405723,0.0,-0.6921599838437997,0,2
0.29339094537773763,1,25,2,0.8690092108977767,2,-0.3249408814201865,0.0,-0.519103523863301,1,2
-0.19059368374468344,1,0,2,-0.933364239895745,3,-0.9488197498616757,0.0,0.7055093211885662,2,1
1.8568991265974746,1,26,1,-1.3839576025941256,3,-0.49508966372241087,0.0,-1.2039242002088606,2,2
0.41147749066404654,1,33,1,-0.2574741958481744,1,0.22804266106204263,0.0,0.26330938642618124,0,0
-0.5190003244922327,1,30,0,1.4885750846080497,2,-0.5518059244898189,0.0,0.2506552535321895,1,0
-0.9835722063957903,1,39,1,0.47474001853669384,1,-1.2749382492742725,0.0,0.5784096460026155,0,0
1.3130201920746738,1,23,0,-1.2713092619195305,3,0.08625200914352235,0.0,-0.9364197418266229,2,2
-0.9926805569866316,1,8,1,-1.0460125805703402,3,-0.7928500327513034,0.0,-0.9305455276344752,2,1
1.1146605569852452,1,24,2,-0.933364239895745,3,1.7735607669739137,0.0,-0.8680056020302941,2,2
-0.1340575076025434,1,12,0,0.47474001853669384,0,1.433263202369465,0.0,-1.0962714417396215,0,1
-0.9058752157496761,1,6,2,-0.5390950475346622,1,0.8093843339279758,0.0,0.09740850667711608,0,1
-0.32050268409082144,1,27,1,-0.82071589922115,1,-0.9204616194779717,0.0,0.9028139609968359,2,2
-0.1191529339084397,1,23,2,-1.4402817729314232,3,0.851921529503532,0.0,-1.2687386791839828,2,2
-0.8798842153263163,0,39,2,-0.03217751449898419,1,0.5683402256664913,0.0,1.1005971833017065,0,0
0.9233851945775815,0,26,2,0.587388359211289,1,-0.7928500327513034,0.0,0.8947346650864794,0,2
1.3600800034606864,0,6,0,-0.03217751449898419,1,-0.26822462065277836,0.0,-1.1762255949620488,0,1
0.5555090346030543,1,15,0,-0.5954192178719597,1,-0.8212081631350074,0.0,-1.0952808274321415,0,2
-0.2382975199199473,0,36,1,-1.4966059432687207,3,0.851921529503532,0.0,-1.2167147033841417,2,0
0.7540526767751262,1,42,1,-0.5390950475346622,0,0.35565424778871085,0.0,0.891261082449861,0,0
-0.6061736798944747,1,5,1,-0.9896884102330427,3,0.7384890079687157,0.0,-1.2772914115425895,2,1
-0.839448658915461,1,5,2,-0.31379836618547197,0,-1.2040429233150123,0.0,0.3553233039581121,0,1
-0.047988194696160884,1,14,1,0.5310641888739914,1,0.7526680731605677,0.0,0.7444211657912171,0,2
1.683886467142154,1,16,0,1.0943058922469668,0,0.08625200914352235,0.0,0.5734128330542356,1,2
-0.9781439974578144,1,29,0,-0.5954192178719597,0,0.3698333129805629,0.0,1.244308302563219,0,0
-1.1699713811134076,0,11,0,-0.6517433882092573,1,-1.2891173144661245,0.0,-0.5354833957630878,0,1
2.3658167154180565,1,17,2,-0.7643917288838524,0,0.2564007914457467,0.0,0.5417106021906993,2,2
0.01816235151408923,1,2,1,1.0379817219096692,0,-0.083896773158702,0.0,1.5147202782635147,1,1
0.458813312674024,0,13,1,-1.0460125805703402,3,0.9653540510383481,0.0,-1.087129486844877,2,1
-1.05478294737873,0,41,1,1.9954926176437278,2,-1.133147597355752,0.0,-0.3396814020731773,1,0
-0.6277945121050572,1,40,0,1.2632784032588595,0,-0.8353872283268595,0.0,0.4127943719370058,1,0
-0.6898969024971557,1,41,2,-0.4264467068600671,0,2.298186179072439,0.0,1.1109124372203751,0,0
-1.123923608681933,1,13,2,-0.4264467068600671,1,-0.8637453587105636,0.0,0.28814421576591426,0,1
-1.044156538356082,0,3,1,-0.933364239895745,3,-0.7928500327513034,0.0,-0.8825843570073899,2,1
0.2920568940285742,1,10,0,0.8690092108977767,0,0.412370508556119,0.0,-1.127446202647227,1,1
0.43139625736017884,0,20,2,1.71387176595724,2,-1.1473266625476042,0.0,-0.6921960061822535,1,2
-0.4251567123441726,0,41,1,0.41841584819939626,2,-0.6510593808327831,0.0,0.2222876619998067,0,0
-0.3948415454786964,1,28,1,-1.1586609212449355,3,-0.8637453587105636,0.0,-1.1044562316411641,2,0
0.026948689710304764,0,3,0,-0.2574741958481744,1,0.24222172625389465,0.0,0.15907875011005487,0,1
-0.9884483940858366,1,0,2,-1.1586609212449355,3,-1.5018032923439049,0.0,-1.0716964878415909,2,1
-0.6207102394232917,0,34,1,0.41841584819939626,1,1.7593817017820617,0.0,0.584546308660641,0,0
0.43286831402132486,1,26,1,0.3620916778620987,2,0.6534146168176035,0.0,0.19192854975576285,0,2
-0.16538471342255756,0,12,2,-1.0460125805703402,1,0.5116239648990832,0.0,0.006053283334054869,2,1
-1.02538781592647,1,39,0,1.5448992549453473,2,-0.11225490354240605,0.0,-0.37370192771863436,1,0
-0.6972571858028858,1,10,0,1.4322509142707522,0,1.4758003979450212,0.0,-0.9626362851484775,1,1
-0.0464241344936932,1,14,2,-0.8770400695584475,0,0.3131170522131548,0.0,0.5677135845060062,2,2
-0.9545910908794778,1,9,0,-1.4402817729314232,3,0.8093843339279758,0.0,-0.923688418207373,2,1
0.3479490453814628,1,5,0,1.3759267439334546,2,-1.4450870315764968,0.0,0.21862367557421827,1,1
-0.6360288290533428,1,22,2,0.5310641888739914,1,0.6817727472013075,0.0,-1.0801025578222072,0,2
-0.7901807625377295,0,19,1,1.2632784032588595,0,-1.544340487919461,0.0,0.1481150940992175,1,2
0.18068660725874403,1,17,2,-1.327633432256828,3,-0.5234477941061149,0.0,-1.0373131657874202,2,2
1.1866993298400796,1,30,1,-1.1023367509076378,3,0.5825192908583434,0.0,-0.9006907281287847,2,0
-0.7441789918769158,1,42,2,-0.31379836618547197,0,-1.2040429233150123,0.0,0.27748417660775915,0,0
-0.8093174991326281,1,8,1,0.8126850405604792,2,0.5399820952827873,0.0,0.23008392525088336,1,1
-0.9297501347226383,1,41,2,1.319602573596157,0,-1.1615057277394563,0.0,2.4932285069988884,1,0
1.2074921301787673,1,18,2,-1.2713092619195305,3,-0.5234477941061149,0.0,-0.8458698750504222,2,2
-1.1303178548037862,1,21,2,0.5310641888739914,0,0.5966983560501954,0.0,2.0963112246971294,0,2
-0.2656225716924706,0,40,1,-0.9896884102330427,3,-0.49508966372241087,0.0,-1.0028063385728367,2,0
-0.6869527891748636,1,24,1,-0.9896884102330427,3,-0.6510593808327831,0.0,-0.9482582260570532,2,2
0.412857543783871,1,9,1,-0.20115002551087688,1,1.3340097460265008,0.0,1.1471020222455872,0,1
-0.5442092948143585,1,5,1,-0.03217751449898419,1,0.5683402256664913,0.0,-1.035123522214263,0,1
-0.45238976057537433,1,27,0,0.24944333718750358,1,0.015356683184262197,0.0,1.1014565733762476,0,2
2.638883226060647,0,6,2,1.206954232921562,2,-0.3249408814201865,0.0,-0.21620454492601035,1,1
-0.6710361765262219,1,33,2,0.700036699885884,0,-1.0055360106290838,0.0,1.3869824930820964,1,0
0.3359885850096511,1,10,2,-0.5954192178719597,0,-0.7219547067920432,0.0,1.156475549316106,0,1
1.743642767230551,1,10,0,0.13679499651290847,0,-0.1831502295016662,0.0,-0.9919893449399899,0,1
2.362688595013122,1,36,1,-1.2713092619195305,3,-1.3600126404253847,0.0,-0.9902345424524537,2,0
-0.373956741598687,1,7,1,-1.0460125805703402,3,0.7101308775850117,0.0,-1.0428992012719376,2,1
-1.1456824462044979,1,19,1,1.8828442769691325,2,2.312365244264291,0.0,0.17090436921960872,1,2
-0.9211478036090662,1,12,0,-0.82071589922115,0,-0.23986649026907433,0.0,0.963910420038689,2,1
0.7743854594072059,0,24,2,0.6437125295485865,2,0.8377424643116799,0.0,0.2949807409996143,1,2
-1.0149454139864655,1,24,1,1.1506300625842643,0,-0.45255246814685474,0.0,1.0239905345313092,1,2
-1.163485131450233,1,13,0,1.8828442769691325,2,-0.15479209911796216,0.0,0.6349904476168644,1,1
-0.5397471230602596,0,20,2,0.30576750752480114,1,-0.5376268592979668,0.0,-0.7247910764346095,0,2
-0.006632602872089436,0,35,0,-0.933364239895745,1,0.7101308775850117,0.0,-0.592396117495947,2,0
-0.6497833584809259,1,0,2,-0.933364239895745,1,0.28475892182945073,0.0,1.2133136533478825,2,1
-0.39217344278036914,1,37,0,0.700036699885884,2,0.7384890079687157,0.0,0.3166456045554113,1,0
0.6996785838540445,1,33,1,1.0943058922469668,2,-1.2891173144661245,0.0,-0.5024251811591827,1,0
0.39473284614351045,0,27,1,-1.327633432256828,3,1.81609796254947,0.0,-1.1917280656180675,2,2
1.492059083486561,1,30,0,0.47474001853669384,1,-0.33911994661203854,0.0,0.14834666627499196,0,0
2.5999197263109375,0,1,1,1.9391684473064301,2,-1.1756847929313083,0.0,-0.2709739375208674,1,1
-0.013302859617907375,1,1,1,-1.3839576025941256,3,1.6884863758228015,0.0,-1.253820285015751,2,1
-1.0743797016802368,1,27,2,0.9816575515723718,2,-0.6227012504490791,0.0,-0.3753255059732315,1,2
0.046959459947758575,0,4,2,-0.31379836618547197,1,-0.3249408814201865,0.0,0.5369968219015994,0,1
0.5439625901671902,0,23,2,1.71387176595724,2,-1.1615057277394563,0.0,-0.952982298442854,1,2
0.381760346817161,0,4,0,1.8828442769691325,2,-0.6935965764083392,0.0,-0.023351236940962746,1,1
2.548489746712148,1,8,0,-1.3839576025941256,3,-0.7361337719838953,0.0,1.0666898707199617,2,1
-1.1340899999979728,1,22,0,-1.1586609212449355,3,-0.46673153333870676,0.0,-1.139086564016161,2,2
-0.5556637357089013,0,4,1,0.3620916778620987,0,-0.04135957758314592,0.0,1.6102463737946933,0,1
0.3849804707634179,1,11,0,-0.08850168483628175,1,-1.1615057277394563,0.0,0.5508062426502885,0,1
0.12461044882321212,1,7,1,-0.9896884102330427,1,0.1146101395272264,0.0,-0.7832141633583539,2,1
-0.714737858653995,1,27,0,1.319602573596157,0,-0.06971770796684996,0.0,0.9704973619273874,1,2
-0.7612456487920777,1,0,1,-1.4966059432687207,3,0.8093843339279758,0.0,-0.30489926127183953,2,1
1.8344962642856582,1,39,0,-1.0460125805703402,1,2.0571420708109542,0.0,0.12710377868393952,2,0
0.29527701797483114,1,25,2,0.30576750752480114,1,-0.01300144719944186,0.0,-1.197666605414597,0,2
-0.9883563905445151,1,31,2,-0.933364239895745,3,-1.0055360106290838,0.0,-1.153706487380061,2,0
-0.8502590750207523,0,17,1,1.319602573596157,2,-1.133147597355752,0.0,-0.6946455251971132,1,2
0.9695709723210386,0,18,1,0.5310641888739914,2,-1.04807320620464,0.0,-0.30326024487219067,0,2
-0.09642805920199773,1,11,1,-0.933364239895745,3,-0.6935965764083392,0.0,-1.099992034697066,2,1
-0.4464095303894686,1,39,1,-1.4966059432687207,3,-0.26822462065277836,0.0,-1.2322248931126862,2,0
-0.9454827402886368,0,30,2,-0.82071589922115,0,-1.0055360106290838,0.0,1.147560020548786,2,0
-0.9176056672681836,0,15,1,0.8126850405604792,1,-0.8921034890942676,0.0,-0.5297301137071777,1,2
-1.0862941602813876,1,17,0,-0.08850168483628175,1,0.2705798566375987,0.0,0.10854712833187206,0,2
-0.9474608164270516,1,35,1,-0.4827708771973646,0,-0.49508966372241087,0.0,-0.8790593138872661,0,0
-0.839448658915461,1,20,1,0.47474001853669384,2,0.1713264002946345,0.0,-0.2670552217019269,0,2
-0.6290825616835598,1,36,0,-0.6517433882092573,0,-0.9346406846698236,0.0,1.2367204542703396,0,0
-0.6430210981937865,1,33,1,-0.08850168483628175,1,1.81609796254947,0.0,-0.6362353033942453,0,0
-0.46048607221167764,0,41,1,0.08047082617561092,1,0.5825192908583434,0.0,0.7103208763963267,0,0
0.7849658666591932,0,28,1,0.24944333718750358,1,0.6250564864338994,0.0,0.8131260573193516,0,0
-0.8684757762024345,1,5,1,-0.4264467068600671,1,-0.16897116430981418,0.0,-0.5988286779341291,0,1
0.3216820343341383,1,10,2,0.6437125295485865,1,0.851921529503532,0.0,0.791926911139279,1,1
-0.4499056649596904,1,34,0,-0.6517433882092573,0,-0.26822462065277836,0.0,0.0791863494678341,0,0
-0.9216078213156743,1,22,2,-0.9896884102330427,3,0.3272961174050068,0.0,-0.39764391766954793,2,2
-0.049184240733342134,0,32,1,-1.1586609212449355,3,-0.16897116430981418,0.0,-1.1170022975197944,2,0
-0.653279493051148,0,12,1,-0.20115002551087688,1,-1.3883707708090887,0.0,-1.1898523309942937,0,1
0.537798352898641,0,24,2,0.9253333812350742,0,-0.5659849896816709,0.0,0.8614886197177796,1,2
1.14207761229909,1,32,2,0.8690092108977767,1,0.6959518123931596,0.0,-0.33122387160905564,1,0
2.5935254801890846,1,18,1,0.13679499651290847,0,0.880279659887236,0.0,0.9544674213154376,0,2
-1.1408062585144516,1,7,0,1.0379817219096692,2,0.22804266106204263,0.0,-1.0258940844975595,1,1
-0.27082077177714253,0,14,2,0.47474001853669384,2,-1.2607591840824204,0.0,-0.02267453158286597,0,2
1.7554652222903804,1,27,1,0.7563608702231815,2,-0.41001527257129866,0.0,0.7347465948921913,1,2
-1.1171153466241326,1,39,0,-1.0460125805703402,3,-0.7644919023675993,0.0,-1.2437185921036298,2,0
0.8084267696962083,1,37,0,0.24944333718750358,1,1.7168445062065056,0.0,-0.7665435397267614,0,0
1.7771320562716233,1,14,1,0.30576750752480114,0,-0.35329901180389056,0.0,0.8665960727056957,0,2
-0.81847185149413,0,38,2,0.41841584819939626,2,2.454155896182811,0.0,0.45732570133845224,0,0
-0.5365730008846635,1,22,1,0.24944333718750358,1,1.1638609637242765,0.0,-0.008908852245156432,0,2
1.1207327907124727,1,38,1,-0.7643917288838524,1,2.5108721569502195,0.0,0.9755739386252006,2,0
-1.1329859575021135,1,0,2,-1.1586609212449355,3,-0.9913569454372317,0.0,-1.1739793448570357,2,1
-0.6244363828468177,1,33,0,-1.214985091582233,3,-0.4809105985305588,0.0,1.1028177031649673,2,0
1.4818466903998604,1,26,1,0.8126850405604792,2,0.8661005946953839,0.0,0.35550856169873185,1,2
0.11297200084602638,1,31,2,-0.20115002551087688,0,0.6959518123931596,0.0,0.052848874009741684,0,0
-0.9841702294143809,1,34,2,-1.327633432256828,3,-0.23986649026907433,0.0,-1.1843331941383335,2,0
-0.8249581011573047,1,14,0,1.2632784032588595,0,1.9862467448516943,0.0,1.5996017727815899,1,2
-1.0753917406347746,1,39,0,0.9816575515723718,2,-1.04807320620464,0.0,-0.28424302319274936,1,0
1.4370869675468885,1,3,0,0.3620916778620987,2,0.5116239648990832,0.0,0.6151755884430885,0,1
-0.6919669821768922,1,28,1,0.3620916778620987,1,1.2489353548753885,0.0,0.22376200485223813,0,0
0.4314422591308396,0,14,0,-1.327633432256828,3,1.0787865725731642,0.0,-1.2342755933803786,2,2
-0.3343952188303872,1,36,2,-1.4402817729314232,3,1.6884863758228015,0.0,-1.0763459425263087,2,0
0.1007815316209106,1,40,1,-0.8770400695584475,0,0.05789387875981828,0.0,0.4093388004696143,2,0
0.9841535336205166,1,2,0,-0.2574741958481744,0,-0.4383734029550027,0.0,0.8827109231154296,0,1
0.024510595865281502,1,30,0,0.47474001853669384,2,-0.49508966372241087,0.0,0.008541397711543696,0,0
0.49993889564479144,1,41,1,-1.2713092619195305,3,-0.35329901180389056,0.0,-1.0857040314517759,2,0
-0.20821236190777515,1,24,1,0.700036699885884,2,0.24222172625389465,0.0,0.5059378470818815,1,2
-1.0804519354074642,1,10,0,0.7563608702231815,0,1.7168445062065056,0.0,1.7748170000451422,1,1
-0.8868304826960992,1,8,0,-1.4966059432687207,3,1.1355028333405723,0.0,0.7699995991176041,2,1
0.30130324993139773,1,35,0,1.0379817219096692,0,0.6817727472013075,0.0,1.9382683607793476,1,0
1.776488031482372,1,25,1,-0.03217751449898419,1,-1.2891173144661245,0.0,-0.5018128014054677,0,2
-0.21120247700072806,1,19,0,-0.9896884102330427,3,0.38401237817241496,0.0,-0.9908623603512203,2,2
0.2635357962188695,0,6,1,0.587388359211289,2,0.7668471383524198,0.0,-0.82519305277793,0,1
-0.7203960764452751,1,34,1,-1.0460125805703402,3,0.1713264002946345,0.0,-1.2032912362617434,2,0
-0.648817321297049,1,10,1,0.47474001853669384,2,-0.083896773158702,0.0,0.2150085766079599,0,1
-1.0246977893665579,1,25,2,-1.214985091582233,3,-0.6652384460246351,0.0,-1.187289598915722,2,2
1.1142925428199586,0,28,2,-0.6517433882092573,0,-1.2324010536987164,0.0,0.1980034598335819,0,0
-0.7247662446580524,1,37,1,-0.9896884102330427,3,-0.39583620737944664,0.0,-1.1054622840936958,2,0
-1.1707074094439807,1,42,0,1.1506300625842643,2,0.398191443364267,0.0,0.564646539689081,1,0
-0.8162637665024108,0,17,2,0.8126850405604792,1,-0.33911994661203854,0.0,0.1367320351478104,1,2
-0.285541338388603,0,39,1,-0.31379836618547197,1,-1.544340487919461,0.0,-0.5416329235419898,0,0
-1.047146653449035,1,18,0,0.47474001853669384,1,0.9369959206546441,0.0,-0.6125068744498793,0,2
-0.6938530547739856,1,7,2,-1.1586609212449355,3,-0.4383734029550027,0.0,-0.94167385719253,2,1
2.2125848173468863,1,24,2,-0.82071589922115,0,-1.2040429233150123,0.0,0.5771565832292576,2,2
-0.08511162361943753,1,30,0,-1.4966059432687207,3,1.2914725504509448,0.0,-1.188177292256191,2,0
0.7049687874800382,1,18,1,1.1506300625842643,0,-0.4241943377631507,0.0,1.6994042344920715,1,2
-0.8318583667564268,0,14,2,-1.327633432256828,3,0.5399820952827873,0.0,-1.0444172855353486,2,2
-0.844646859000133,1,31,0,1.0943058922469668,0,-1.473445161960201,0.0,1.7880809396686739,1,0
-0.9993968155031103,1,8,2,-1.0460125805703402,3,0.34147518259685883,0.0,-1.1771364455200954,2,1
2.1759674079008784,1,20,0,1.319602573596157,0,-0.41001527257129866,0.0,1.0380083702381955,1,2
-0.5468313957420249,1,13,0,-0.5954192178719597,1,-0.9771778802453798,0.0,-0.16014606721934166,0,1
1.1424456264643765,1,11,2,-0.8770400695584475,1,-0.8212081631350074,0.0,0.28845812471529764,2,1
0.5295180341796947,0,25,1,-1.1586609212449355,3,-0.8637453587105636,0.0,-1.005129779403108,2,2
0.8003764598305658,1,5,2,-0.4827708771973646,0,1.2205772244916846,0.0,-1.2192414131242597,0,1
-0.11979695869769116,1,19,1,-0.5390950475346622,1,-0.8921034890942676,0.0,-1.1069134697285499,0,2
-0.6194221898447891,1,6,0,0.41841584819939626,2,0.29893798702130275,0.0,0.2020945682722658,0,1
-0.7244902340340875,1,11,2,-1.3839576025941256,3,0.851921529503532,0.0,-1.1733643920791454,2,1
-0.6385589264396875,1,14,0,-1.1586609212449355,3,-1.1898638581231602,0.0,-1.0795159083102448,2,2
-0.05392242311140595,1,40,1,-0.82071589922115,0,-0.2256874250772223,0.0,1.0462188903814909,2,0
0.3016252623260234,1,26,0,0.02414665583831336,1,-1.515982357535757,0.0,-0.18029799256007847,0,2
0.12359840986867436,1,12,2,-0.2574741958481744,1,-0.29658275103648246,0.0,-0.7936966638484154,0,1
0.4153416393995548,1,42,2,-0.82071589922115,1,-0.8353872283268595,0.0,0.32510313501953303,2,0
0.5762098314004205,1,19,2,1.0943058922469668,2,0.6392355516257515,0.0,0.23560306210684348,1,2
0.6085490761749724,1,28,0,1.7701959362945374,2,-1.076431336588344,0.0,0.7213205547456178,1,0
-1.044892566686655,1,35,0,-1.1586609212449355,3,0.4549077041316751,0.0,-0.8861557145626685,2,0
-0.9642514627182487,1,7,1,1.2632784032588595,2,0.44072863893982306,0.0,-0.5797085352876769,1,1
0.4244959917610568,1,38,2,0.700036699885884,2,0.12878920471907843,0.0,-0.4679029157995473,1,0
0.28892877362363883,1,40,2,1.6012234252826447,2,-0.5376268592979668,0.0,0.36230906459397794,1,0
-0.8391266465208354,1,18,0,-1.0460125805703402,3,-0.608522185257227,0.0,-1.2169205453181635,2,2
0.6130572496997323,1,23,2,-0.9896884102330427,1,-0.28240368584463044,0.0,1.1977494301116574,2,2
-0.17826520920758532,1,6,0,-1.4402817729314232,3,-1.04807320620464,0.0,-0.9491690766150997,2,1
-0.2600103556718514,1,9,0,-1.327633432256828,3,0.44072863893982306,0.0,-1.128789321266719,2,1
-0.9200897628838676,1,5,0,-0.03217751449898419,0,-0.6227012504490791,0.0,0.000585606961600147,0,1
-0.03409565995659523,0,37,1,1.1506300625842643,2,-1.2749382492742725,0.0,-0.5232666769788924,1,0
-0.5234164944756707,1,35,0,-0.6517433882092573,1,0.3698333129805629,0.0,0.7077813015353321,0,0
0.3561373605590875,1,36,0,0.8690092108977767,2,-0.29658275103648246,0.0,0.441913286528568,1,0
0.3506631498504507,1,35,2,0.587388359211289,2,0.34147518259685883,0.0,-0.9356504075982164,0,0
-0.08994180953882301,1,28,1,-1.2713092619195305,3,-1.473445161960201,0.0,-1.1011962100110935,2,0
0.7426442376512445,0,30,1,-0.9896884102330427,3,0.15714733510278248,0.0,-0.9197619833159069,2,0
0.28938879133024686,1,35,0,0.30576750752480114,0,0.44072863893982306,0.0,1.3318811803686292,0,0
0.5876182705243024,1,11,1,-0.14482585517357932,1,0.7526680731605677,0.0,-1.1374475476165122,0,1
2.595687563410143,0,14,1,0.9253333812350742,0,0.5541611604746394,0.0,0.23963756401367134,1,2
1.0047163251059001,0,16,2,0.6437125295485865,1,-0.9771778802453798,0.0,-0.7551476156544781,1,2
1.3172983567461296,0,16,1,-0.08850168483628175,0,-0.3816571421875946,0.0,0.23629263258581668,0,2
-0.8122156106842593,1,13,0,1.6012234252826447,2,-0.608522185257227,0.0,0.3291221987813091,1,1
-0.9665975530219502,1,36,1,0.700036699885884,1,-0.9488197498616757,0.0,-0.6494040411232914,1,0
0.3286283017039211,1,37,0,0.9253333812350742,0,-0.9204616194779717,0.0,1.4131115535819916,1,0
0.8714031937308623,1,19,0,0.41841584819939626,0,0.5966983560501954,0.0,-1.1258174783442791,0,2
-0.922205844334265,1,14,2,1.5448992549453473,2,0.44072863893982306,0.0,-0.3612021762751591,1,2
-0.45059569151960266,1,34,1,-0.933364239895745,3,-1.4592660967683488,0.0,-0.9214756174166385,2,0
-0.7138178232407788,0,10,2,1.0943058922469668,0,-0.6227012504490791,0.0,2.391882230783243,1,1
-0.8942367677724902,1,31,0,1.6575475956199424,2,-0.33911994661203854,0.0,0.4943386540997515,1,0
-1.0541389225894786,1,38,0,1.9391684473064301,2,-0.23986649026907433,0.0,-0.40469657693397065,1,0
-0.3800749770965752,1,15,2,1.9954926176437278,2,-0.7786709675594513,0.0,-0.04632319677779834,1,2
-0.3691725574499623,1,38,1,-0.3701225365227695,1,-0.19732929469351823,0.0,1.0451356472037012,0,0
-0.7726540879159595,1,13,2,0.08047082617561092,1,0.7810262035442718,0.0,-0.6499263650308718,0,1
1.43322281881138,1,8,2,0.47474001853669384,2,-1.487624227152053,0.0,-0.33809127313285875,0,1
-0.5439792859610544,0,31,2,1.319602573596157,2,-0.21150835988537026,0.0,-0.23563859652184604,1,0
0.9226491662470087,0,41,1,-0.933364239895745,1,1.0504284421894603,0.0,0.5638283180013444,2,0
-0.7127597825155799,1,1,2,1.206954232921562,2,0.38401237817241496,0.0,0.36977855377479485,1,1
0.20354948727716857,1,12,2,-0.03217751449898419,0,-0.9629988150535277,0.0,0.720983488578657,0,1
0.04406134839612733,1,4,2,0.5310641888739914,1,0.18550546548648653,0.0,0.4342868428730595,0,1
0.41023544285620467,1,36,2,-0.8770400695584475,1,-0.9771778802453798,0.0,-0.7723379901694757,2,0
0.7137551256762534,1,20,0,-0.20115002551087688,0,-0.4383734029550027,0.0,1.547657560731182,0,2
-0.6677240490386435,1,32,1,-0.5390950475346622,0,-0.11225490354240605,0.0,1.0278989582535487,0,0
0.27604827783861097,1,7,0,0.47474001853669384,1,-0.46673153333870676,0.0,-0.10852091016666811,0,1
0.019634408175235235,1,13,1,-0.4264467068600671,1,0.3272961174050068,0.0,0.6281462033106386,0,1
-0.7544373867342772,1,9,0,-0.8770400695584475,1,0.35565424778871085,0.0,0.3241202397845789,2,1
0.02621266137973163,1,28,1,1.0379817219096692,0,-0.01300144719944186,0.0,2.1855437030955907,1,0
-0.8825983197953043,1,10,0,1.6575475956199424,2,1.5750538542879853,0.0,-0.9628807224451286,1,1
-0.3699545875511962,1,16,0,0.700036699885884,2,-0.4241943377631507,0.0,-0.3513243364662868,1,2
-0.2617124211863015,1,11,2,0.700036699885884,0,0.3272961174050068,0.0,0.25060893909703447,1,1
-0.9443786977927772,1,9,1,1.0379817219096692,2,0.19968453067833855,0.0,-0.20617489669079705,1,1
0.8257234354646742,1,17,0,0.6437125295485865,2,0.21386359587019058,0.0,-0.33234056410112395,1,2
-0.8355385084092918,0,17,1,1.0943058922469668,2,0.6108774212420475,0.0,0.32414082397798105,1,2
-0.3384433746485388,0,21,2,-1.214985091582233,3,-1.487624227152053,0.0,-0.988454009723165,2,2
1.7112575206853384,1,2,2,-0.03217751449898419,0,-0.15479209911796216,0.0,1.7435470372430517,0,1
0.05533178220802664,1,35,2,-0.8770400695584475,0,0.8235633991198279,0.0,1.1105110454490328,2,0
0.48719640517174584,1,17,0,1.9954926176437278,2,-1.019715075820936,0.0,0.2341801797379177,1,2
1.3974794430079278,0,22,2,0.30576750752480114,1,-0.3816571421875946,0.0,-1.1001284049783555,0,2
-0.5704303040910224,1,7,1,-0.933364239895745,3,0.5825192908583434,0.0,-1.2283113233420964,2,1
-1.0653633546307173,0,26,2,-0.2574741958481744,1,-1.4450870315764968,0.0,-1.1875083059706202,0,2
-0.8101915327751835,0,27,1,0.47474001853669384,0,-0.8637453587105636,0.0,0.7511573430820814,0,2
-1.139518208935949,1,23,0,1.319602573596157,2,1.1213237681487203,0.0,-0.2295739785407279,1,2
-0.3562920616649345,1,29,0,-1.4966059432687207,3,-1.4167289011927928,0.0,0.9719434015138905,2,0
-0.6492773390036571,1,37,1,-0.9896884102330427,1,-0.15479209911796216,0.0,-1.0773905903414696,2,0
-0.4357831213668206,1,38,2,0.08047082617561092,0,2.2272908531131788,0.0,1.0788474099481258,0,0
1.317436362058112,0,26,1,1.4322509142707522,2,-0.7928500327513034,0.0,-0.7382968803306165,1,2
0.28110847261130056,0,34,2,1.2632784032588595,0,-1.4592660967683488,0.0,2.456164093754084,1,0
0.11329401324065205,1,15,1,0.02414665583831336,1,-1.2749382492742725,0.0,1.1939181971146762,0,2
-1.0680314573290444,1,36,0,-0.8770400695584475,1,-1.2891173144661245,0.0,-0.6013811179159997,2,0
1.5203041706723006,1,23,0,-0.4827708771973646,0,-0.46673153333870676,0.0,0.40182814290199287,0,2
0.5338422006218112,1,36,0,0.587388359211289,2,0.34147518259685883,0.0,-0.4784754721357433,0,0
0.5857321979272089,1,7,2,0.5310641888739914,1,2.3549024398398473,0.0,0.8433487992821063,0,1
-0.042283975134220074,0,6,1,1.1506300625842643,2,0.42654957374797103,0.0,-0.6385767553937435,1,1
-0.9549131032741035,0,18,1,-1.4966059432687207,3,0.24222172625389465,0.0,-1.168511668484581,2,2
-1.160219005733315,0,29,1,0.8690092108977767,2,0.0011776179924101694,0.0,0.23772323402726822,1,0
-0.8987449412972499,1,28,1,-0.5954192178719597,1,-0.8637453587105636,0.0,0.5629792200235043,0,0
0.6984365360462026,1,23,1,-1.0460125805703402,1,1.7310235713983575,0.0,0.4513125438408397,2,2
1.2339431483087353,1,12,1,0.7563608702231815,0,-0.608522185257227,0.0,2.0389276395401956,1,1
-0.6780744474373266,1,25,0,-1.0460125805703402,3,1.81609796254947,0.0,0.6443382444456306,2,2
-0.8571593406198743,1,26,1,1.0379817219096692,2,-0.9913569454372317,0.0,0.5755484431197121,1,2
-0.6050236356279542,1,21,2,0.41841584819939626,2,-0.5659849896816709,0.0,0.4163991788065628,0,2
0.31133163593545515,1,41,0,0.5310641888739914,2,-1.2607591840824204,0.0,-0.7321267683583123,0,0
-0.9967287128047831,1,2,2,1.4322509142707522,2,0.6250564864338994,0.0,-0.4036493560946347,1,1
-0.8054533503971197,0,39,2,-1.2713092619195305,3,-0.7219547067920432,0.0,-0.8436879505497908,2,0
-0.2877034216096613,1,18,1,-0.4264467068600671,1,0.8093843339279758,0.0,-0.31048272373218144,0,2
1.001404197618322,1,38,0,0.700036699885884,2,1.3481888112183529,0.0,-0.9286414897447732,1,0
1.7544531833358423,1,9,1,1.9391684473064301,2,0.4690867693235271,0.0,-0.22913656443093156,1,1
-0.4727685449781148,0,32,1,1.206954232921562,2,0.7810262035442718,0.0,-0.07213062925578467,1,0
-0.32091670002676875,1,40,1,-1.4966059432687207,3,0.28475892182945073,0.0,1.1895672132342898,2,0
1.7835723041641376,1,1,2,-1.1586609212449355,3,-0.9062825542861196,0.0,-0.8009397269018084,2,1
0.22374426459726574,1,31,0,-1.2713092619195305,3,1.461621332753169,0.0,-1.0674509979523907,2,0
-0.10700846645398494,0,26,1,-0.14482585517357932,0,-1.1615057277394563,0.0,0.611285175890076,0,2
2.469228695863566,1,22,2,1.319602573596157,0,-0.608522185257227,0.0,2.134505195554879,1,2
-0.14799604411276998,1,15,0,0.41841584819939626,0,-0.3674780769957426,0.0,0.870200879575253,0,2
-0.19105370145129155,0,40,0,-1.214985091582233,3,-0.7928500327513034,0.0,-1.0553938066670623,2,0
-0.42736479733589167,0,3,1,1.0379817219096692,2,-0.11225490354240605,0.0,0.47867150989651547,1,1
-0.282321214442346,1,17,1,-0.5954192178719597,1,-0.39583620737944664,0.0,-0.958046010019791,0,2
-0.1327694580240406,1,34,2,-0.5954192178719597,0,2.2414699183050306,0.0,1.6497963283928119,0,0
0.016276278916995752,1,28,2,-1.0460125805703402,3,-0.26822462065277836,0.0,-1.075311586807849,2,0
-0.9055532033550504,0,9,2,-0.4827708771973646,0,-0.9062825542861196,0.0,1.2511139515068153,0,1
-0.6597657427143226,0,35,2,1.6012234252826447,2,-1.2465801188905685,0.0,-0.3307916035476097,1,0
-1.1249816494071319,1,31,0,-1.327633432256828,3,0.1713264002946345,0.0,-1.2281569418915799,2,0
0.33479253897247,1,34,1,0.587388359211289,0,-1.487624227152053,0.0,1.7857986672252066,0,0
-0.46977842988516194,1,23,0,0.9253333812350742,2,-0.5234477941061149,0.0,0.2614439438991084,1,2
-0.10544440625151726,1,6,2,-1.3839576025941256,3,2.5250512221420713,0.0,-0.8752332269386355,2,1
-0.21773472843456357,1,11,1,0.587388359211289,1,0.10043107433537438,0.0,0.8403615182146144,0,1
-0.7252262623646607,1,13,0,-0.7080675585465548,0,-0.027180512391293887,0.0,1.286969043389242,0,1
-0.7773462685233625,1,1,1,-1.327633432256828,3,1.8869932885087302,0.0,-0.9233204757503091,2,1
-0.7957009750170273,1,29,1,-0.7080675585465548,0,0.5541611604746394,0.0,2.0812307300058555,0,0
0.051467633472518405,1,5,2,0.08047082617561092,1,-1.1189685321639002,0.0,-0.1964282811148636,0,1
2.823074315786545,1,12,0,-0.8770400695584475,0,-1.133147597355752,0.0,-1.0776350276381206,2,1
-0.4225346114165063,1,21,1,1.8828442769691325,2,-0.1264339687342581,0.0,-0.39618501296216824,1,2
2.308176496780057,1,37,0,1.3759267439334546,2,-0.41001527257129866,0.0,0.2756213071048615,1,0
-0.7019953681809497,1,18,2,-0.933364239895745,1,0.9795331162302002,0.0,1.1662710523513697,2,2
1.506825651868682,1,18,2,0.587388359211289,1,0.28475892182945073,0.0,0.32695056637737896,0,2
-0.24059760845298797,1,42,2,1.826520106631835,2,0.5683402256664913,0.0,-0.19082166143694415,1,0
-0.9331542657515386,1,27,2,0.6437125295485865,2,0.6534146168176035,0.0,0.17497746648906554,1,2
-0.6265064625265543,1,32,0,0.24944333718750358,0,-0.19732929469351823,0.0,0.07985018970505446,0,0
-0.16359064436678575,1,16,2,-0.7643917288838524,1,-1.2891173144661245,0.0,0.7826768892291733,2,2
-0.6318426679232088,1,30,0,0.02414665583831336,0,-0.45255246814685474,0.0,1.2105579444561654,0,0
-0.33600528080351566,1,33,0,-1.327633432256828,3,-0.6368803156409311,0.0,-1.2751995428880927,2,0
2.7716903379584164,1,17,2,0.8690092108977767,1,1.5325166587124293,0.0,0.4945367769612476,1,2
-1.1265917113802604,0,37,2,-0.20115002551087688,1,0.12878920471907843,0.0,-0.7041708606939732,0,0
-0.896996874012139,1,8,1,1.71387176595724,2,0.6392355516257515,0.0,-0.20558824717883492,1,1
-0.705123488585885,0,25,1,0.24944333718750358,1,0.44072863893982306,0.0,1.0698443983588457,0,2
-1.1737435263075944,1,1,1,0.587388359211289,2,1.0929656377650163,0.0,0.6302071956750323,0,1
0.7765935443989251,0,7,2,-1.0460125805703402,1,0.7526680731605677,0.0,1.2317725287812895,2,1
-0.8988829466092323,1,7,0,0.41841584819939626,2,1.6884863758228015,0.0,0.28194837355185737,0,1
-0.883932371144468,1,29,0,0.3620916778620987,0,-1.1615057277394563,0.0,1.9160605891225682,0,0
1.2266748685443265,1,17,2,0.47474001853669384,2,-0.5092687289142628,0.0,-0.13054085105865282,0,2
-0.9481048412163031,1,19,1,1.1506300625842643,2,0.6392355516257515,0.0,-0.9196178939620915,1,2
-0.6729222491233154,1,11,1,-1.4402817729314232,3,-0.33911994661203854,0.0,-0.9381745443141589,2,1
-0.9287380957681005,0,30,1,-1.214985091582233,3,-1.2040429233150123,0.0,-1.0194409398659754,2,0
-0.8123996177669026,1,18,2,1.319602573596157,0,-0.05553864277499795,0.0,1.3341891830538488,1,2
-1.1020727676180466,0,11,2,-0.82071589922115,0,0.38401237817241496,0.0,-1.1728626523649672,2,1
-0.863645590283049,1,29,1,-0.8770400695584475,0,0.5399820952827873,0.0,2.2637507729030073,2,0
1.7803521802178806,0,11,2,-1.4966059432687207,3,-0.19732929469351823,0.0,-1.0412293085821855,2,1
0.33111239731960485,0,36,2,-0.14482585517357932,1,-1.2465801188905685,0.0,-0.5797033892393263,0,0
-0.8449688713947586,1,39,2,1.3759267439334546,2,-1.0622522713964921,0.0,0.2890319091063836,1,0
0.4526490754054748,1,11,1,0.3620916778620987,0,2.269828048688735,0.0,1.298982493263591,0,1
2.472678828663127,0,20,0,-1.2713092619195305,3,1.8869932885087302,0.0,-0.9492900087513375,2,2
-1.044892566686655,1,11,0,-0.9896884102330427,1,-0.7077756416001912,0.0,0.6953175724303108,2,1
0.5063331417666445,0,32,2,-1.327633432256828,3,-0.3816571421875946,0.0,-0.9090504836742461,2,0
-0.1040643531316928,1,4,2,1.5448992549453473,2,0.3272961174050068,0.0,-0.08848991696216918,1,1
0.9912378063022818,1,33,0,-1.4966059432687207,3,0.2705798566375987,0.0,-1.0418494074084264,2,0
-0.19763195465578795,0,13,1,1.6012234252826447,2,-0.26822462065277836,0.0,-0.7928038244595957,1,1
-0.009898728589007116,1,31,0,0.19311916685020603,1,-1.033894141012788,0.0,-0.6705954682308384,0,0
1.4783505558296386,1,38,0,-0.4264467068600671,0,-0.7928500327513034,0.0,2.543314995594749,0,0
-0.3960835932865384,1,6,0,-0.9896884102330427,3,2.0713211360028065,0.0,-0.8038060758330623,2,1
0.34155479925960974,0,26,1,1.0943058922469668,2,-0.083896773158702,0.0,-0.6608051112439253,1,2
-0.5705683094030047,0,31,0,-0.5390950475346622,1,-1.019715075820936,0.0,0.6083879506687188,0,0
-0.8387126305848879,1,22,2,-1.4966059432687207,3,-0.7503128371757473,0.0,-0.8756577759275554,2,2
-0.2722468266676278,1,40,2,-0.933364239895745,1,0.22804266106204263,0.0,-0.5090815947006134,2,0
-1.0820159956099318,1,8,1,1.4322509142707522,2,0.8661005946953839,0.0,-0.4185574581661654,1,1
2.0307858196953505,1,27,2,-0.03217751449898419,1,0.48326583451537913,0.0,0.44527365610147435,0,2
-0.49848353477750973,1,40,1,-1.3839576025941256,3,-1.1898638581231602,0.0,-0.9275247972527048,2,0
-1.0769097990665815,1,35,1,-1.4402817729314232,3,-0.8921034890942676,0.0,0.12618778207754253,2,0
-1.175353588280723,1,7,0,-1.1023367509076378,3,0.28475892182945073,0.0,-0.9613420539883153,2,1
2.3034843161726544,1,1,1,1.1506300625842643,0,1.1922190941079804,0.0,1.4048135506167367,1,1
-1.0007768686229348,0,41,2,-1.1023367509076378,3,0.3698333129805629,0.0,-0.8938310456775074,2,0
-1.0299879929925515,1,5,2,-0.7643917288838524,0,-1.544340487919461,0.0,0.9166979994466082,2,1
-1.0843620859136334,1,5,1,-1.2713092619195305,3,-0.8495662935187115,0.0,-1.0662802719526416,2,1
1.8665134966655847,1,1,1,-1.214985091582233,3,1.419084137177613,0.0,-0.7968846408015784,2,1
-1.0180735343914007,1,4,1,-0.82071589922115,0,-0.19732929469351823,0.0,2.376706534197484,2,1
-0.19151371915789978,0,20,0,0.08047082617561092,0,-1.3174754448498285,0.0,0.07074940319711456,0,2
-1.0625572466204076,1,21,1,0.700036699885884,1,-0.7503128371757473,0.0,0.9063724534312382,1,2
1.6620356260782674,1,22,0,-0.20115002551087688,1,-1.1189685321639002,0.0,0.2092192722135961,0,2
0.8741632999705109,1,15,0,1.0379817219096692,2,-0.594343120065375,0.0,0.7127652493628358,1,2
0.5591891762559195,1,33,1,-0.6517433882092573,1,1.2063981592998325,0.0,-0.7304157072817559,0,0
-1.1285237857480146,1,31,2,-0.82071589922115,1,-1.076431336588344,0.0,0.4861950325850131,2,0
0.08785503406522192,1,13,0,-0.4827708771973646,0,-0.7361337719838953,0.0,1.1846964784704983,0,1
-0.3523819111587654,1,30,2,1.8828442769691325,2,-0.5376268592979668,0.0,0.20997574132112642,1,0
-1.0305400142404813,1,18,1,-0.03217751449898419,0,-1.04807320620464,0.0,0.7086535567307497,0,2
0.08077076138345678,1,32,1,1.9391684473064301,2,-0.14061303392611013,0.0,-0.14148906892443844,1,0
0.5478267389026984,1,13,1,-1.4402817729314232,3,-1.2324010536987164,0.0,-0.9742046018405042,2,1
0.6100671346067795,1,14,0,-1.214985091582233,3,0.5116239648990832,0.0,-0.8422907984226177,2,2
1.0878415246899906,1,16,0,-1.1023367509076378,3,-1.1473266625476042,0.0,-1.1619221535717073,2,2
-0.49457338427134057,1,23,0,0.700036699885884,0,-1.3316545100416806,0.0,0.6970080493134649,1,2
-0.3237228080370783,0,14,1,-0.20115002551087688,1,-0.9346406846698236,0.0,-1.2070066831708375,0,2
0.30415535971236823,1,17,0,-0.9896884102330427,3,-0.8779244239024155,0.0,-0.991907008166381,2,2
-1.0860641514280833,1,24,1,-1.4966059432687207,3,-1.3741917056172366,0.0,-1.1056552609068413,2,2
-0.26378250086603805,1,15,0,0.9253333812350742,2,2.1280373967702144,0.0,-0.11181438111101712,1,2
-0.6998332849598913,0,21,2,1.0379817219096692,2,-0.15479209911796216,0.0,-0.021655614009457928,1,2
-0.9223438496462473,1,39,2,-0.31379836618547197,1,-0.7219547067920432,0.0,0.06509904210821546,0,0
-0.7397628218934776,1,21,1,-0.6517433882092573,1,-0.9629988150535277,0.0,-0.6840935530543195,0,2
1.0152967323578874,1,8,2,-0.9896884102330427,1,2.255648983496883,0.0,0.37942224838371724,2,1
-1.0808199495727506,1,21,2,0.700036699885884,0,-0.28240368584463044,0.0,-1.141018905171791,1,2
0.10082753339157136,1,17,1,-0.933364239895745,3,-1.3174754448498285,0.0,-0.9640025609855474,2,2
0.6060189787886279,0,20,2,1.6012234252826447,2,-1.1189685321639002,0.0,-0.5329592590471451,1,2
-0.1884776022942861,1,11,0,-0.9896884102330427,3,1.3765469416020568,0.0,-0.9033641002468931,2,1
-0.2851733242233165,1,25,0,1.206954232921562,0,0.5966983560501954,0.0,2.3935366853279434,1,2
-1.0058830651662851,1,24,0,-1.3839576025941256,3,-0.14061303392611013,0.0,-0.8625688019479427,2,2
-1.0891922718330187,1,5,1,1.0943058922469668,2,0.043714813567966256,0.0,-1.0373826374401527,1,1
-0.8050853362318332,1,15,2,-0.20115002551087688,1,-0.2256874250772223,0.0,0.540076731839401,0,2
0.2676299538076821,0,41,1,0.7563608702231815,1,1.5466957239042811,0.0,1.2427696341064058,1,0
0.9673168855586587,1,19,0,0.7563608702231815,0,-1.530161422727609,0.0,1.4979261494715095,1,2
0.6470065564474128,1,20,0,-1.2713092619195305,3,-0.26822462065277836,0.0,-1.1254238056454622,2,2
0.994181919624574,1,27,1,0.587388359211289,1,-0.45255246814685474,0.0,0.5237045790121401,0,2
-0.8704078505701887,1,16,2,0.8126850405604792,0,-1.487624227152053,0.0,1.0124942625161901,1,2
-0.7070095611829783,1,0,1,1.9391684473064301,2,0.0011776179924101694,0.0,-0.1123161208251955,1,1
0.9068245571396888,1,39,1,1.206954232921562,0,0.398191443364267,0.0,0.3275397889135164,1,0
0.049719566187407506,1,39,0,-1.0460125805703402,3,0.7243099427768637,0.0,-0.9548065725831224,2,0
-0.6674940401853394,1,4,0,1.206954232921562,0,-1.076431336588344,0.0,2.38175995367772,1,1
-0.6219062854604729,1,31,0,1.319602573596157,0,0.5541611604746394,0.0,2.0319984854361857,1,0
-0.19818397590371772,1,23,1,0.3620916778620987,2,-0.35329901180389056,0.0,-0.06626670716033795,0,2
-0.3150284733821846,1,26,0,0.8690092108977767,1,0.8661005946953839,0.0,-0.7561793983487626,1,2
0.9914218133849252,0,38,2,-0.5954192178719597,0,0.3131170522131548,0.0,2.506096200899428,0,0
-0.7938609041905945,1,26,0,0.700036699885884,1,-1.019715075820936,0.0,-0.008273315273863982,1,2
-0.20342817775905056,1,2,1,1.5448992549453473,2,-0.19732929469351823,0.0,0.5484673636749657,1,1
-0.723156182684924,1,37,2,1.9391684473064301,2,1.1780400289161286,0.0,-0.6396214032089043,1,0
2.6817568763165256,0,21,1,0.8690092108977767,0,-0.46673153333870676,0.0,1.6584468356700788,1,2
-1.1598049897973677,1,36,2,-0.3701225365227695,1,-1.1473266625476042,0.0,0.7022492995584956,0,0
-0.9479668359043206,0,33,2,0.7563608702231815,0,-0.7786709675594513,0.0,0.646201113948528,1,0
-0.5543756861303984,1,14,2,0.700036699885884,2,2.1280373967702144,0.0,-0.9296501152214801,1,2
0.5159935136054152,1,33,1,1.319602573596157,0,-1.2040429233150123,0.0,2.2135356330983833,1,0
-1.0967365622213923,0,34,1,1.0943058922469668,0,0.22804266106204263,0.0,1.8658145730278404,1,0
-0.5914071115123534,0,41,1,-0.7643917288838524,1,-1.019715075820936,0.0,0.9102165515490959,2,0
-1.1023487782420116,1,15,2,0.02414665583831336,1,-1.0055360106290838,0.0,-0.7438185902107519,0,2
0.279498410638172,1,13,1,-0.03217751449898419,0,-0.5518059244898189,0.0,2.3971028968348715,0,1
1.0132726544488118,1,5,0,1.9391684473064301,2,-0.05553864277499795,0.0,-0.05125568412179633,1,1
-0.4590140155505315,1,32,1,-1.1586609212449355,3,0.5825192908583434,0.0,1.0004319251825116,2,0
-0.9257479806751475,0,15,2,-0.5954192178719597,1,2.014604875235398,0.0,-0.3348698468654172,0,2
-1.106902953537432,1,10,1,-0.9896884102330427,3,-1.1473266625476042,0.0,-1.1329782046240635,2,1
0.18763287462852687,1,31,2,1.7701959362945374,2,0.8377424643116799,0.0,0.09157803389594792,1,0
1.8009149717032644,1,29,1,-0.4827708771973646,0,0.029535748376114227,0.0,2.2350615533487157,0,0
-0.8341124535188066,1,12,0,0.24944333718750358,1,0.8377424643116799,0.0,1.1720500646490326,0,1
0.08077076138345678,1,41,2,-0.933364239895745,3,-1.1898638581231602,0.0,-1.0457552581064904,2,0
-0.18659152969719262,0,17,1,0.3620916778620987,2,-0.7503128371757473,0.0,-0.36970087512608524,0,2
0.7555247334362725,1,21,1,-1.0460125805703402,3,-0.9062825542861196,0.0,-0.8528813659280405,2,2
1.9872681446502207,0,22,1,-1.214985091582233,3,-1.3741917056172366,0.0,0.0251322575937029,2,2
0.13256875514753297,0,34,1,0.587388359211289,0,0.44072863893982306,0.0,2.509860535267852,0,0
-0.1969419280958757,1,4,0,1.0379817219096692,0,-1.473445161960201,0.0,0.0372872237976916,1,1
0.9510782605153916,0,19,1,0.3620916778620987,0,0.5683402256664913,0.0,1.3239150975219842,0,2
0.2447210720185968,1,5,2,0.7563608702231815,0,0.398191443364267,0.0,-1.0604497991714734,1,1
0.555325027520411,0,23,1,-1.0460125805703402,3,-0.6794175112164872,0.0,0.344117783674799,2,2
-0.8239460622027668,1,41,1,1.319602573596157,0,0.5399820952827873,0.0,2.3117376737718454,1,0
-0.5034517260088777,1,32,0,1.0943058922469668,2,2.170574592345771,0.0,-0.28376701372032387,1,0
-0.5969273239916512,1,35,1,-1.2713092619195305,3,0.38401237817241496,0.0,-1.063123171289582,2,0
-0.7131277966808666,1,4,0,-1.1586609212449355,3,-1.033894141012788,0.0,-1.1296075429544559,2,1
-0.3284149886444814,1,10,1,0.7563608702231815,0,2.1138583315783626,0.0,-1.0129440538234114,1,1
0.8960601428050582,1,7,0,0.08047082617561092,1,0.7952052687361238,0.0,-0.9615350308014607,0,1
1.1965437087614936,0,5,0,-1.1023367509076378,3,-0.35329901180389056,0.0,-0.9747629480865384,2,1
2.869030084676698,1,34,0,-1.1023367509076378,3,-1.2749382492742725,0.0,-1.2431525267850698,2,0
-0.8725239320205861,0,35,1,-1.1023367509076378,3,0.29893798702130275,0.0,-0.9991372060988977,2,0
-0.7388427864802615,1,20,1,-0.7643917288838524,1,0.7101308775850117,0.0,-1.2236875988991311,2,2
-0.7283543827695959,1,12,1,0.5310641888739914,1,0.6534146168176035,0.0,0.31648093100819374,0,1
1.6620356260782674,1,4,0,-0.14482585517357932,1,0.12878920471907843,0.0,0.5306851935996552,0,1
2.9082695950503723,1,35,2,0.9816575515723718,2,-0.23986649026907433,0.0,0.7211378700291735,1,0
-0.6848827094951269,1,29,1,-1.2713092619195305,3,0.14296826991093045,0.0,-1.1584331327900375,2,0
-1.011081265250957,1,29,0,0.9816575515723718,2,-0.7077756416001912,0.0,-0.6459278854624978,1,0
1.4686441822202068,1,28,2,-0.08850168483628175,0,0.14296826991093045,0.0,-1.2502437814121217,0,0
-0.7888007094179051,1,38,0,-0.4264467068600671,1,-0.6935965764083392,0.0,-0.09207413963832428,0,0
-1.1436123665247615,0,19,2,0.41841584819939626,2,-0.49508966372241087,0.0,0.5917070349404252,0,2
-0.6765103872348588,1,13,1,0.6437125295485865,0,-1.3032963796579766,0.0,2.165625922954804,1,1
-0.1209010011935506,1,2,2,1.9391684473064301,2,0.07207294395167031,0.0,-0.16141971418610165,1,1
0.48558634319861754,1,11,0,0.5310641888739914,2,-0.11225490354240605,0.0,0.6125999912436405,0,1
-0.6160180588158888,1,27,1,0.08047082617561092,0,-0.29658275103648246,0.0,0.5562970762403208,0,2
1.7764420297117112,1,23,0,1.1506300625842643,0,0.12878920471907843,0.0,1.6272978050042262,1,2
-0.8901426101836777,1,15,1,-1.1023367509076378,3,-1.2465801188905685,0.0,-1.0428528868367826,2,2
-0.37331271680943556,0,23,0,1.3759267439334546,0,-0.7077756416001912,0.0,0.24330155043925975,1,2
-0.40647999345588226,0,40,1,-0.7080675585465548,1,-1.530161422727609,0.0,-0.4103649491920967,0,0
-1.1265917113802604,1,6,2,1.2632784032588595,2,-0.6510593808327831,0.0,0.39503535907927273,1,1
0.5782799110801571,0,29,1,0.9816575515723718,0,0.398191443364267,0.0,1.3026284685199525,1,0
-0.8788261746011177,1,23,0,-0.933364239895745,3,-0.9204616194779717,0.0,1.04762376158119,2,2
2.1792795353884573,0,6,1,1.826520106631835,2,-0.3674780769957426,0.0,0.3320734575103471,1,1
-0.7868686350501509,1,18,0,0.9816575515723718,2,-1.3032963796579766,0.0,0.2578674402954791,1,2
2.1632249174278333,1,31,0,-1.4966059432687207,3,2.2414699183050306,0.0,-1.0510016543998715,2,0
-0.5794466511405418,1,33,1,0.02414665583831336,1,-0.7928500327513034,0.0,-0.18325439733746687,0,0
-0.8660376823574114,1,25,0,-1.3839576025941256,3,-1.019715075820936,0.0,-0.9547602581479675,2,2
-0.8791021852250825,1,34,1,-1.0460125805703402,3,-0.6652384460246351,0.0,0.5884959007696848,2,0
-0.29782381115504025,1,17,1,1.0379817219096692,0,-0.9629988150535277,0.0,-0.8006695593634047,1,2
-0.2000240467301503,1,14,2,-0.31379836618547197,0,0.043714813567966256,0.0,0.5000070263578776,0,2
-0.7727460914572811,1,41,0,-0.82071589922115,1,0.2705798566375987,0.0,-0.35652699134868837,2,0
0.6151733311501296,1,12,2,-1.0460125805703402,1,-0.9913569454372317,0.0,-0.637138434879766,2,1
-0.9571671900364834,1,36,2,-0.4264467068600671,1,1.7452026365902096,0.0,0.9751622547571569,0,0
0.3563673694123916,1,14,0,1.0379817219096692,2,0.22804266106204263,0.0,-0.8832662084138372,1,2
-0.7180499861415737,1,24,2,1.9391684473064301,2,-0.9629988150535277,0.0,-0.20161035180386314,1,2
-0.9744178540342885,1,35,0,-0.7643917288838524,1,0.6392355516257515,0.0,-1.2173116449928052,2,0
-0.8013131910376464,1,13,1,-0.933364239895745,3,-1.3883707708090887,0.0,-0.8183230782299514,2,1
0.8789014823485749,1,5,2,-0.7080675585465548,1,-0.7644919023675993,0.0,0.2675342921219792,0,1
1.535990774467638,0,2,1,-1.1023367509076378,3,-1.0055360106290838,0.0,-1.0356870145086479,2,1
-0.29271761461169,1,25,1,1.4885750846080497,2,0.5399820952827873,0.0,-0.7862400397884748,1,2
-0.5076378871390117,1,37,2,-1.0460125805703402,3,2.1280373967702144,0.0,-1.253490937921316,2,0
-1.1260856919029913,0,27,1,0.6437125295485865,2,-0.7786709675594513,0.0,-0.7801008041062738,1,2
-1.1433363559007965,1,4,0,-0.4827708771973646,1,2.1847536575376227,0.0,-0.7340745476589938,0,1
-0.8139176761987094,1,9,0,1.6575475956199424,2,-0.6652384460246351,0.0,0.38232976570177557,1,1
0.600820778703956,1,33,1,0.7563608702231815,2,0.2564007914457467,0.0,-0.827768649977378,1,0
-0.9436886712328649,1,14,1,-1.214985091582233,3,-0.5234477941061149,0.0,-0.8822550099129549,2,2
-0.0014344027874173754,1,26,0,0.5310641888739914,2,-1.1898638581231602,0.0,0.4674479784439755,0,2
-1.143474361212779,1,20,1,-0.5954192178719597,0,2.5392302873339236,0.0,-0.9709574453313099,0,2
-0.10420235844367524,1,21,1,1.0379817219096692,0,-1.530161422727609,0.0,0.2578288449328501,1,2
-0.36797651141278115,1,4,1,0.587388359211289,2,0.10043107433537438,0.0,-0.6876649106095981,0,1
-0.6151900269439942,1,25,1,-1.327633432256828,3,0.48326583451537913,0.0,-1.218171035067346,2,2
-0.7818084402774614,1,14,0,1.71387176595724,2,0.08625200914352235,0.0,-0.5055333943629122,1,2
-1.0800839212421776,1,37,0,0.5310641888739914,2,-0.6794175112164872,0.0,0.6417189058352027,0,0
-0.7990131025046057,1,25,1,-1.0460125805703402,3,-1.033894141012788,0.0,-1.235788531595439,2,2
0.19807527656853174,0,38,1,1.0379817219096692,2,-0.9346406846698236,0.0,-0.09212560012182969,1,0
1.3207484895456907,1,20,0,-1.4966059432687207,3,0.043714813567966256,0.0,0.27571908202352186,2,2
0.4158476588768238,0,38,1,-1.327633432256828,3,-0.04135957758314592,0.0,-0.8891610067993873,2,0
-0.9608933334600093,1,12,1,-1.1586609212449355,3,-0.7503128371757473,0.0,-1.159902329594118,2,1
-0.88066624542755,1,1,1,0.7563608702231815,1,1.6601282454390975,0.0,0.09991205919965664,1,1
0.43406436005850624,0,14,0,-0.933364239895745,3,-1.0055360106290838,0.0,-0.8003530773898461,2,2
-1.1618290677064436,1,5,2,1.1506300625842643,0,0.7810262035442718,0.0,0.17329470867843713,1,1
-1.0756217494880786,1,12,2,-1.0460125805703402,1,-1.090610401780196,0.0,0.5263522208884958,2,1
2.349670093916111,0,23,1,0.9816575515723718,2,-1.1473266625476042,0.0,-0.0928563389876072,1,2
-0.4089180873009054,1,34,0,-0.5390950475346622,1,-0.2256874250772223,0.0,-0.7205301484003577,0,0
-0.9785120116231009,0,5,1,-0.82071589922115,1,1.3198306808346487,0.0,-0.5719277101816518,2,1
0.618301451555065,1,32,2,-0.03217751449898419,0,-1.2040429233150123,0.0,0.10474934464916957,0,0
1.1583162373423574,1,23,0,-0.31379836618547197,1,0.1713264002946345,0.0,0.1327644318695397,0,2
0.34946710381326956,1,18,0,-0.9896884102330427,3,-0.25404555546092633,0.0,-1.2609938764164115,2,2
0.48636837329985116,1,27,1,-0.7080675585465548,1,-1.2465801188905685,0.0,0.38513693507699814,0,2
-0.9834342010838081,1,38,2,-0.82071589922115,0,-0.5518059244898189,0.0,2.1591650592506935,2,0
-0.03542971130575879,1,6,2,-0.933364239895745,1,-0.083896773158702,0.0,-0.6489331776992165,2,1
0.9425219311724802,0,34,2,0.5310641888739914,0,0.7384890079687157,0.0,-1.1365958766144968,0,0
-0.8951568031857065,1,5,1,0.6437125295485865,0,-0.9913569454372317,0.0,1.8676928806757898,1,1
0.05776987605304991,1,6,1,-0.8770400695584475,1,0.412370508556119,0.0,0.9447954234405871,2,1
-0.1717789595444106,0,36,2,0.5310641888739914,1,-0.7219547067920432,0.0,0.587235118923801,0,0
-0.60364358250813,1,3,1,-1.3839576025941256,3,-1.2465801188905685,0.0,-0.8357887663317032,2,1
-0.9603413122120795,1,2,2,0.47474001853669384,1,-0.05553864277499795,0.0,-0.9548348758490504,0,1
1.5477672277568066,1,22,2,1.6575475956199424,2,1.830277027741322,0.0,0.6215206660593112,1,2
0.5342562165577583,1,26,0,-1.2713092619195305,3,1.3056516156427966,0.0,-0.30661032234839586,2,2
-1.1575969048056487,1,13,1,-0.7080675585465548,1,-1.4025498360009407,0.0,-0.07756228328978548,0,1
-0.5126060783703795,1,14,1,-0.14482585517357932,1,-0.6368803156409311,0.0,0.46161750566280735,0,2
0.2769223114811664,1,10,2,-0.933364239895745,1,2.014604875235398,0.0,0.9134379778165376,2,1
0.7585148485292252,1,13,2,-1.1023367509076378,3,-0.7503128371757473,0.0,0.5355070409041164,2,1
-0.32501085761558113,1,41,1,0.19311916685020603,1,1.0646075073813122,0.0,-0.621010719349156,0,0
-1.0584630890315951,0,32,2,0.02414665583831336,1,0.8235633991198279,0.0,0.9675795525126281,0,0
0.18708085338059707,1,2,2,0.9253333812350742,2,0.4549077041316751,0.0,-1.030453483336143,1,1
-0.7215001189411347,1,36,0,0.41841584819939626,1,0.1146101395272264,0.0,-0.3333003021185007,0,0
-0.5367110061966459,1,16,2,0.41841584819939626,1,0.8661005946953839,0.0,1.1512960516512822,0,2
-0.6607777816688606,1,42,1,-0.7643917288838524,0,-1.4450870315764968,0.0,1.167264239683025,2,0
1.4376389887948182,1,26,1,-1.4402817729314232,3,-0.19732929469351823,0.0,-0.9740425013174621,2,2
-0.309738269756191,1,28,0,-0.933364239895745,3,-0.9771778802453798,0.0,-0.8174482500103587,2,0
-0.3095082609028869,1,24,1,1.319602573596157,0,1.6884863758228015,0.0,1.4659408859486929,1,2
0.12323039570338766,1,3,2,-1.1586609212449355,3,0.8661005946953839,0.0,-1.1552014144258946,2,1
-0.4809108583850789,1,6,0,0.3620916778620987,2,-0.19732929469351823,0.0,-0.745233753507152,0,1
0.8382819188550762,1,38,2,-0.4264467068600671,1,-0.2256874250772223,0.0,1.0037202500785098,0,0
-0.8860944543655261,1,6,2,1.0379817219096692,2,-1.2465801188905685,0.0,-0.19479183773939018,1,1
1.1260689961091268,1,31,1,0.13679499651290847,1,1.2631144200672406,0.0,0.9593227179341776,0,0
-1.1381381558161245,1,28,2,1.7701959362945374,2,-0.23986649026907433,0.0,-0.4615012316514685,1,0
-0.38071900188582664,1,2,2,-1.327633432256828,3,0.5825192908583434,0.0,-1.2021205102619945,2,1
-0.49204328688499577,1,6,0,0.47474001853669384,2,0.05789387875981828,0.0,-1.0441934324320996,0,1
0.6065249982658967,0,8,1,0.47474001853669384,0,1.6743073106309494,0.0,1.1915767451151777,0,1
-0.5995034231486566,0,5,1,1.1506300625842643,2,0.6817727472013075,0.0,0.24398340184570697,1,1
-0.9399165260386783,0,7,1,0.30576750752480114,0,-1.2465801188905685,0.0,0.8600760294455548,0,1
0.6133792620943579,0,2,1,0.9816575515723718,0,1.3765469416020568,0.0,0.5227602791398149,1,1
0.2456871092024738,0,35,2,1.2632784032588595,2,0.2564007914457467,0.0,-0.1840520348318013,1,0
2.1520464871572553,1,13,1,-0.20115002551087688,0,0.21386359587019058,0.0,1.4998996590139437,0,1
-0.6043796108387028,1,42,0,-1.1586609212449355,3,-0.580164054873523,0.0,-1.1453698890521773,2,0
1.0624485472852214,1,18,1,0.41841584819939626,0,0.6392355516257515,0.0,0.6727187010988896,0,2
1.7459888575342526,0,17,1,0.08047082617561092,0,-0.580164054873523,0.0,2.1030962894473237,0,2
-0.2332833269179186,1,15,1,0.9816575515723718,2,0.35565424778871085,0.0,-0.3888596131351666,1,2
-0.998016762383286,1,21,1,-1.1023367509076378,3,0.18550546548648653,0.0,-1.073348369362116,2,2
-0.010864765772884241,1,26,1,-0.5390950475346622,0,-0.7928500327513034,0.0,0.1788447218245005,0,2
0.8300476019067907,1,15,1,-0.4827708771973646,1,1.3340097460265008,0.0,-0.1487269859294809,0,2
-0.14551194849708607,1,24,1,1.7701959362945374,2,-0.7928500327513034,0.0,0.632561512795407,1,2
2.2831975353112357,0,9,0,1.1506300625842643,0,-0.05553864277499795,0.0,2.417674225116178,1,1
-0.8181958408701651,0,38,1,-0.7643917288838524,0,-1.1047894669720482,0.0,2.2894887337282617,2,0
-0.9493008872534842,0,17,0,0.47474001853669384,0,-0.45255246814685474,0.0,-1.262733240758896,0,2
-0.5701542934670576,1,10,0,-1.4966059432687207,3,0.6392355516257515,0.0,-1.12365613803705,2,1
-0.796759015742226,1,20,0,0.9253333812350742,2,0.8235633991198279,0.0,-0.5217022782803266,1,2
-0.49379135417010667,0,13,1,0.08047082617561092,1,0.8093843339279758,0.0,1.1028665906242971,0,1
-0.8376545898596894,0,22,2,0.8126850405604792,0,0.412370508556119,0.0,2.2136128238236417,1,2
2.853067470257396,0,32,0,0.9816575515723718,2,-0.01300144719944186,0.0,-0.34731299177703645,1,0
1.6524672577808186,1,17,0,-0.14482585517357932,0,0.19968453067833855,0.0,2.3799305334891008,0,2
1.7787421182447518,0,17,2,-0.4827708771973646,1,-0.9488197498616757,0.0,-0.5689713054042634,0,2
-1.142738332882206,1,31,0,1.9391684473064301,2,-0.7644919023675993,0.0,0.1383633324749334,1,0
0.06697023018521266,0,21,1,1.826520106631835,2,0.34147518259685883,0.0,-0.1335461432953713,1,2
1.118386700408771,1,5,0,-1.1586609212449355,3,0.19968453067833855,0.0,-0.9908289110369418,2,1
2.691739260549922,0,1,1,-1.1023367509076378,3,2.383260570223551,0.0,-1.219907826385655,2,1
-0.5407131602441367,1,13,2,1.826520106631835,2,-0.9346406846698236,0.0,-0.5128639402382645,1,1
-0.11455275684235833,0,24,1,0.8690092108977767,1,-0.5092687289142628,0.0,-0.09937380922357322,1,2
0.16430997690349433,1,8,0,1.5448992549453473,2,-1.2324010536987164,0.0,0.7351196833976058,1,1
-0.8849904118696666,1,3,2,0.5310641888739914,0,1.9720676796598422,0.0,0.7360562641974052,0,1
-0.09730209284455318,1,4,1,1.2632784032588595,0,-0.6368803156409311,0.0,0.2195190879872131,1,1
-0.2513160210169576,1,3,2,0.700036699885884,1,-0.580164054873523,0.0,0.40068572016817183,1,1
-0.43725517802796665,1,26,0,-0.933364239895745,3,-1.5018032923439049,0.0,-0.984126183060356,2,2
-1.0946204807709947,1,1,1,0.47474001853669384,0,0.6959518123931596,0.0,0.8218460362493515,0,1
0.9908237903663346,0,38,1,-0.5954192178719597,0,-1.1047894669720482,0.0,2.021122312247307,0,0
0.1548336121473667,1,25,1,0.587388359211289,1,1.8019188973576177,0.0,-0.08921808280377137,0,2
-0.9582712325323428,1,27,1,-0.9896884102330427,1,-1.1473266625476042,0.0,0.06214263733082705,2,2
0.4740859005334141,1,3,1,0.587388359211289,0,-1.2607591840824204,0.0,-0.8563034880811534,0,1
-1.027917913312815,1,13,2,-1.4402817729314232,3,1.9295304840842862,0.0,-1.2006127180952844,2,1
-1.0329781080855043,1,13,2,0.3620916778620987,2,0.42654957374797103,0.0,-0.9486364606108183,0,1
-0.1663507506064347,1,4,2,-0.933364239895745,3,-0.23986649026907433,0.0,-1.0339193469002355,2,1
1.0105125482091628,0,15,1,1.826520106631835,2,-0.28240368584463044,0.0,0.22253724534480823,1,2
-0.5264986131099453,1,24,1,-1.214985091582233,3,-0.9913569454372317,0.0,-1.1067822454956109,2,2
-0.7384747723149749,1,42,2,-0.9896884102330427,3,-0.39583620737944664,0.0,-0.8663511474855937,2,0
-0.9440106836274906,0,20,1,0.08047082617561092,1,1.1355028333405723,0.0,1.0031696229050016,0,2
-0.9458507544539232,1,4,0,0.9816575515723718,0,0.9369959206546441,0.0,0.8177111863996877,1,1
-0.3279549709378733,1,7,1,-1.2713092619195305,3,0.5683402256664913,0.0,-1.1468056365419794,2,1
0.1710262354199733,1,34,2,-0.2574741958481744,1,-1.04807320620464,0.0,-0.7213097747254654,0,0
0.13293676931281942,1,1,0,-0.933364239895745,3,-0.3674780769957426,0.0,-1.267403279637016,2,1
-0.5836788140413368,1,39,0,-0.7643917288838524,1,0.851921529503532,0.0,0.6402316978618952,2,0
2.238759824852889,1,27,0,0.30576750752480114,1,0.7810262035442718,0.0,-0.25269002773137883,0,2
0.1908990003454448,0,25,0,-0.933364239895745,3,-0.3249408814201865,0.0,-0.8782539573204057,2,2
-0.11243667539196099,1,16,0,1.206954232921562,0,-1.515982357535757,0.0,0.15994585925712176,1,2
0.1815146391306387,0,6,1,0.13679499651290847,1,-1.033894141012788,0.0,0.20694214581847956,0,1
-0.8063273840396752,1,29,0,0.7563608702231815,1,-0.8921034890942676,0.0,0.6935473317977231,1,0
2.38858759189516,0,23,1,1.9391684473064301,2,0.5541611604746394,0.0,-0.3074285440361327,1,2
-0.20448621848424922,1,16,2,-1.3839576025941256,3,0.880279659887236,0.0,-1.0719177679206642,2,2
-1.1001406932502924,1,29,2,-1.214985091582233,3,1.419084137177613,0.0,-1.0753424630979525,2,0
-0.6078757454089248,1,5,0,-1.214985091582233,3,0.7526680731605677,0.0,1.1839991889189998,2,1
-1.0028009465320105,1,35,0,1.0379817219096692,0,0.22804266106204263,0.0,0.914346255350409,1,0
0.06177203010054072,1,38,0,0.41841584819939626,1,-1.4450870315764968,0.0,-0.9780975874176919,0,0
1.6057294587894315,1,23,0,-1.327633432256828,3,-1.2182219885068644,0.0,-1.2096080106120382,2,2
-1.0450305719986375,0,26,1,0.7563608702231815,0,-1.1047894669720482,0.0,1.7924705189116892,1,2
2.048634506711746,0,39,2,0.9253333812350742,2,-0.7786709675594513,0.0,0.398763671109243,1,0
2.7876069506070578,1,18,1,0.700036699885884,0,-0.6652384460246351,0.0,1.2376313048283858,1,2
-1.0092411944245245,1,41,1,-0.20115002551087688,1,-0.5659849896816709,0.0,-0.5770094329278156,0,0
-0.5463713780354168,1,26,0,-0.82071589922115,0,-0.33911994661203854,0.0,1.4373468682888864,2,2
-0.40597397397861323,0,27,2,0.3620916778620987,0,-1.515982357535757,0.0,1.4302607597101846,0,2
0.8032745713821972,1,3,1,-1.1586609212449355,3,-0.3674780769957426,0.0,-1.164088639927287,2,1
-1.115505284651004,1,31,1,-1.1586609212449355,3,-1.4025498360009407,0.0,-1.064877973777118,2,0
0.2137158785932083,1,17,0,-0.4827708771973646,1,0.7952052687361238,0.0,1.104106788276779,0,2
0.6920882916950103,1,27,2,1.206954232921562,2,-0.49508966372241087,0.0,-0.8040942545406929,1,2
-0.00028435852089703223,1,27,2,0.47474001853669384,2,0.7526680731605677,0.0,-0.229103115116653,0,2
-0.806879405287605,0,17,2,-1.4402817729314232,3,-0.3107618162283345,0.0,-1.0635631584235534,2,2
-0.738704781168279,1,1,2,-1.2713092619195305,3,-1.3032963796579766,0.0,-1.240664412407581,2,1
0.5666414631029714,0,16,1,-0.20115002551087688,0,-0.01300144719944186,0.0,1.9241861994680796,0,2
2.975524183756482,1,12,2,-1.2713092619195305,3,-0.7644919023675993,0.0,0.9092104990965643,2,1
2.7191103140931063,1,17,1,-0.933364239895745,3,0.7952052687361238,0.0,-1.2018940841345704,2,2
0.1785705258083467,0,9,1,1.206954232921562,0,-1.2465801188905685,0.0,2.024474962747688,1,1
-1.0943904719176907,1,5,1,1.319602573596157,2,1.3340097460265008,0.0,0.3314430665874053,1,1
1.5956550710147135,1,11,1,-0.933364239895745,3,-1.0055360106290838,0.0,-1.2802015018848232,2,1
-0.928600090456118,0,30,1,0.700036699885884,2,0.398191443364267,0.0,-0.8692277885135486,1,0
0.7287057011410178,1,37,2,-0.8770400695584475,0,2.1989327227294746,0.0,0.1302866095887522,2,0
2.897321173633099,1,7,1,0.9253333812350742,2,-0.7077756416001912,0.0,0.7232220196111444,1,1
0.8449061738302334,1,38,2,0.24944333718750358,1,-0.4383734029550027,0.0,-0.927064225925331,0,0
-0.8279022144795969,1,10,1,-1.4966059432687207,3,1.419084137177613,0.0,0.22708120603833998,2,1
1.5619817748909977,0,35,0,-1.4402817729314232,3,0.6108774212420475,0.0,-0.8798955467442298,2,0
-1.1515706728490822,1,6,1,1.7701959362945374,2,-0.6935965764083392,0.0,-0.46384782969931737,1,1
-0.03230159090082342,1,5,0,-1.0460125805703402,1,1.1071447029568684,0.0,-0.5306821326520287,2,1
0.7597568963370671,1,38,1,-1.3839576025941256,3,-0.7361337719838953,0.0,-1.2153921689580516,2,0
-0.30633413872729076,1,33,1,0.7563608702231815,1,-1.3458335752335326,0.0,0.3800114709198547,1,0
-0.8426227810910571,1,1,1,1.7701959362945374,2,1.3340097460265008,0.0,-0.7277732114537507,1,1
-0.31387842911566427,0,17,2,1.71387176595724,2,1.1213237681487203,0.0,-0.016360330256746502,1,2
-1.0389123365007493,1,17,1,0.9816575515723718,0,0.043714813567966256,0.0,1.8613992635430723,1,2
-0.39617559682785997,1,37,1,0.9816575515723718,2,0.19968453067833855,0.0,0.02046479173975794,1,0
-0.9188477150760255,1,2,1,0.5310641888739914,0,0.029535748376114227,0.0,1.0003007009495726,0,1
-0.9348563312659888,1,19,0,-0.5954192178719597,0,-0.6935965764083392,0.0,0.725990593623738,0,2
1.5220522379574115,1,29,2,-0.9896884102330427,3,0.35565424778871085,0.0,-1.1816906983103281,2,0
-1.081463974362002,0,16,2,0.9816575515723718,2,-0.06971770796684996,0.0,0.5916246981668165,1,2
-0.829604279994047,0,0,2,-0.5954192178719597,0,0.9937121814220522,0.0,2.4886176476768,0,1
-0.46393620501123867,1,33,0,1.319602573596157,0,-1.473445161960201,0.0,0.06863180430086492,1,0
-0.5575958100766554,1,7,2,1.5448992549453473,2,-0.9771778802453798,0.0,0.20190159145912032,1,1
-0.9976947499886603,1,29,0,0.6437125295485865,2,-1.1473266625476042,0.0,0.20482711994640548,1,0
0.8984982366500814,1,15,2,-0.6517433882092573,1,-1.473445161960201,0.0,-0.18317720661220863,0,2
0.4537531179013344,0,13,2,-1.0460125805703402,3,-1.2182219885068644,0.0,-1.2628361617259067,2,1
0.7881399888347893,1,33,0,-0.08850168483628175,1,1.6601282454390975,0.0,-0.6818292917800794,0,0
-0.006908613496054198,1,4,1,-1.214985091582233,3,-0.23986649026907433,0.0,-1.1304720790773477,2,1
-1.0896982913102877,1,9,0,-0.9896884102330427,1,-0.06971770796684996,0.0,-0.09105007601656558,2,1
-0.3044940679008583,1,3,0,0.24944333718750358,0,2.0713211360028065,0.0,2.0070607351294414,0,1
-0.22877515339315888,0,28,2,0.8126850405604792,2,0.12878920471907843,0.0,0.6517665652396432,1,0
-0.7504812344574473,1,5,2,0.41841584819939626,2,-0.9488197498616757,0.0,-1.0494912892089865,0,1
1.3414952881137177,1,28,0,-0.933364239895745,3,0.7384890079687157,0.0,-0.9610024147971794,2,0
1.7696797694245714,1,7,0,-1.214985091582233,3,-1.3316545100416806,0.0,-0.8983261189117089,2,1
2.6685083663662112,1,41,2,0.9253333812350742,2,-0.7928500327513034,0.0,-0.8649385572133689,1,0
-0.3078061953884369,0,4,1,0.47474001853669384,0,-0.8070290979431554,0.0,1.9259847433665953,0,1
-0.7568294788086396,0,23,1,1.2632784032588595,2,-0.5518059244898189,0.0,-0.8699508083068005,1,2
1.6245901847603652,1,42,0,1.8828442769691325,2,0.7101308775850117,0.0,-0.41385139694959133,1,0
2.77362241232617,0,7,1,1.8828442769691325,2,-0.7219547067920432,0.0,-1.0154887747327563,1,1
-0.7192460321787548,1,30,0,0.30576750752480114,0,-0.7928500327513034,0.0,0.3344071904373195,0,0
-1.046916644595731,0,40,2,-0.2574741958481744,0,-0.9629988150535277,0.0,-1.1354508808565005,0,0
-0.668322072057234,1,6,2,1.4322509142707522,0,-0.5092687289142628,0.0,0.5001665538567445,1,1
-0.9390424923961228,0,37,1,-0.933364239895745,3,-0.3249408814201865,0.0,-1.2835387142401518,2,0
-0.8176438196222353,1,28,1,-0.7080675585465548,0,-0.9488197498616757,0.0,-0.9604080462126914,0,0
-0.9594672785695241,1,10,1,-1.1023367509076378,3,-1.1615057277394563,0.0,-0.8860296363780802,2,1
0.35701139420164324,1,14,1,0.41841584819939626,0,-1.04807320620464,0.0,0.037027348355989,0,2
-1.0373022745276208,1,14,0,-0.6517433882092573,0,2.496693091758367,0.0,2.38138429214813,0,2
2.088794052498636,1,36,2,1.2632784032588595,2,-0.05553864277499795,0.0,0.13690957381590435,1,0
-0.16621274529445224,1,25,0,-0.20115002551087688,1,-1.0055360106290838,0.0,-0.42594718359754885,0,2
-1.053816910194853,1,1,0,-0.8770400695584475,0,-0.3249408814201865,0.0,1.4344059016565494,2,1
-0.712299764808972,1,40,0,0.24944333718750358,1,-0.29658275103648246,0.0,-0.791090190358864,0,0
-0.43109094075941756,1,27,0,0.8126850405604792,1,0.398191443364267,0.0,1.1340593627011297,1,2
-1.1309158778223767,1,18,0,0.587388359211289,2,-1.2607591840824204,0.0,-0.6742517355839011,0,2
0.06605019477199643,1,20,1,-0.3701225365227695,0,-1.1615057277394563,0.0,0.36768925814447334,0,2
-0.04039790253712659,1,35,0,-0.31379836618547197,1,0.4690867693235271,0.0,-1.110186356479497,0,0
0.47514394125861265,0,17,2,-1.1023367509076378,3,2.411618700607255,0.0,-1.2540724413849278,2,2
-0.6737042792245492,1,39,1,-0.3701225365227695,0,-0.41001527257129866,0.0,2.007629373472177,0,0
-0.18695954386247918,0,8,1,-0.82071589922115,1,0.2564007914457467,0.0,0.9272293873959999,2,1
1.0782731563925414,1,8,2,1.206954232921562,2,0.5258030300909353,0.0,0.339807968181217,1,1
-0.14758202817682264,1,6,2,1.0943058922469668,2,-0.7219547067920432,0.0,0.1734362250080772,1,1
1.6212320555021258,1,13,2,0.587388359211289,1,0.5399820952827873,0.0,-0.5409227688696144,0,1
2.685575023281373,0,7,1,-1.3839576025941256,3,-0.7219547067920432,0.0,-0.9923367032036516,2,1
-0.24390973594056656,1,31,0,0.8690092108977767,0,-0.7503128371757473,0.0,2.185407332814301,1,0
-0.7612456487920777,1,7,0,-1.0460125805703402,1,2.340723374647995,0.0,0.5207533202831023,2,1
-0.9027930971154015,0,0,1,0.9253333812350742,2,0.043714813567966256,0.0,0.5512488028084356,1,1
0.6327920093132214,1,22,1,1.5448992549453473,2,-1.019715075820936,0.0,0.5725457239071687,1,2
-1.090112307246235,1,7,0,-0.08850168483628175,0,-1.04807320620464,0.0,1.2232532457369616,0,1
1.3848749578468649,0,42,2,1.9954926176437278,2,-0.9913569454372317,0.0,-0.5466914890705761,1,0
-0.916777635396289,0,4,2,-0.7643917288838524,0,-0.28240368584463044,0.0,1.0884550822185939,2,1
0.6390022483524311,0,24,2,-1.4966059432687207,3,0.6817727472013075,0.0,-0.8566559923931658,2,2
0.1503714403932679,1,27,0,1.71387176595724,2,-0.04135957758314592,0.0,0.15181767588743492,1,2
-0.9671955760405407,1,37,2,-0.6517433882092573,0,1.6175910498635413,0.0,0.03403492124014669,0,0
0.3640496651127476,1,34,0,1.0379817219096692,2,-1.019715075820936,0.0,0.34785896082564566,1,0
0.6058809734766453,1,39,2,-1.1586609212449355,3,-0.7219547067920432,0.0,-1.2360149577228632,2,0
1.2167384860815909,0,34,2,0.3620916778620987,1,-0.7503128371757473,0.0,1.0568146039352644,0,0
2.4429156830455803,1,22,2,-1.1023367509076378,3,-1.133147597355752,0.0,-1.2331434627432587,2,2
-1.0334841275627733,0,33,0,0.19311916685020603,0,0.029535748376114227,0.0,-1.1191507727061474,0,0
-1.0767257919839381,1,30,0,-1.327633432256828,3,-0.41001527257129866,0.0,-1.00170508422582,2,0
-0.24492177489510444,1,38,0,0.6437125295485865,2,0.880279659887236,0.0,-0.9085513169842431,1,0
0.27407020170019597,0,33,1,0.24944333718750358,0,0.7526680731605677,0.0,0.6757420045048352,0,0
-1.1781136945203716,1,28,2,-1.3839576025941256,3,0.7668471383524198,0.0,-0.8387503171574423,2,0
-0.20973042033958192,1,23,0,1.4885750846080497,2,0.5966983560501954,0.0,0.07801305044390959,1,2
0.6913522633644371,1,23,0,0.700036699885884,0,-0.16897116430981418,0.0,2.033266986354595,1,2
0.7661051406882594,1,40,0,-0.2574741958481744,1,-0.11225490354240605,0.0,0.6491678108226178,0,0
-1.0844540894549548,0,30,0,-0.5390950475346622,0,1.504158528328725,0.0,1.9059280199203434,0,0
-0.37708486200362235,1,37,0,-1.4402817729314232,3,-1.1756847929313083,0.0,-1.0205576323580436,2,0
-1.1431523488181532,0,34,1,1.7701959362945374,2,-0.39583620737944664,0.0,-0.37861383086923023,1,0
-0.9269900284829896,0,37,1,0.7563608702231815,2,-1.1189685321639002,0.0,-0.608778562419909,1,0
-1.1031768101139061,1,40,1,-1.0460125805703402,1,0.5683402256664913,0.0,0.2563596481287693,2,0
-0.7592215708830019,1,25,1,0.7563608702231815,1,-0.594343120065375,0.0,-0.6369145817765173,1,2
-0.9510489545385951,1,32,0,0.587388359211289,1,-0.11225490354240605,0.0,-0.32215138836704366,0,0
1.0617125189546486,0,20,1,-0.933364239895745,3,-0.49508966372241087,0.0,-1.2279099315707538,2,2
0.6865220774450519,1,40,2,-0.4264467068600671,1,-1.0622522713964921,0.0,1.1993575702212027,0,0
1.1803510854888872,1,8,1,0.700036699885884,1,0.34147518259685883,0.0,1.1555621257338844,1,1
0.4120755136826371,1,32,0,-0.7643917288838524,0,0.6250564864338994,0.0,0.6512596794771145,2,0
0.4609293941244213,1,27,2,0.13679499651290847,1,-0.9488197498616757,0.0,-0.6709737027846034,0,2
-1.1318819150062538,1,21,2,-0.4827708771973646,1,2.284007113880587,0.0,-0.7604712026731175,0,2
-0.20549825743878714,1,1,1,-0.82071589922115,0,-0.11225490354240605,0.0,0.33948376713513284,2,1
-0.16041652219118963,0,28,1,-1.214985091582233,3,1.0929656377650163,0.0,-1.1285809063085221,2,0
0.10059752453826751,1,14,2,0.19311916685020603,1,-0.5092687289142628,0.0,0.8251909676772061,0,2
-0.641641045073962,1,22,0,0.02414665583831336,0,2.0429630056191024,0.0,0.6751321977752957,0,2
0.3330904734580199,0,36,2,-0.31379836618547197,0,1.81609796254947,0.0,0.4820756208804013,0,0
-0.8226580126242641,1,21,1,0.5310641888739914,2,-0.9062825542861196,0.0,0.016762209951540513,0,2
0.7607689352916052,1,38,2,1.2632784032588595,0,-0.2256874250772223,0.0,1.7850833665044807,1,0
0.26371980330151285,1,28,1,1.6012234252826447,2,0.4690867693235271,0.0,0.5146629720602315,1,0
0.7146751610894699,1,42,1,-0.8770400695584475,0,0.48326583451537913,0.0,0.886768582239835,2,0
1.1609383382700238,1,6,1,0.8126850405604792,2,-0.4241943377631507,0.0,0.6553790911817261,1,1
-0.4751146352818163,1,29,0,-1.1586609212449355,3,1.1638609637242765,0.0,-0.9780692841517639,2,0
-1.0734596662670204,1,19,1,1.0379817219096692,2,0.6675936820094556,0.0,0.22264273933599438,1,2
-0.8606094734194354,1,20,2,-1.1023367509076378,3,0.14296826991093045,0.0,-1.1281975257064065,2,2
-0.9435506659208825,0,2,1,-0.933364239895745,3,-0.7503128371757473,0.0,-0.8617197039701027,2,1
0.6959524404305185,1,10,0,-1.1023367509076378,3,2.0429630056191024,0.0,-1.2401137852340727,2,1
0.9333215770403174,1,40,1,-1.1023367509076378,3,-0.8495662935187115,0.0,-1.2769131769888244,2,0
0.20791965548994584,1,39,1,0.24944333718750358,0,-0.01300144719944186,0.0,1.362711156036748,0,0
-1.0980246117998949,1,36,2,1.0379817219096692,0,-0.39583620737944664,0.0,-1.040858793100946,1,0
-1.1549748038779823,0,37,2,-0.7080675585465548,0,0.18550546548648653,0.0,2.0077889009710437,0,0
0.6670633284555276,1,20,1,-0.08850168483628175,1,1.872814223316878,0.0,0.8015191452646963,0,2
-0.5104439951493213,1,40,2,-0.3701225365227695,1,-1.3458335752335326,0.0,0.038861914592958534,0,0
1.379952768386158,1,39,2,-0.4264467068600671,0,-1.033894141012788,0.0,1.7603823344218616,0,0
-1.0214776654203008,1,30,0,-1.1586609212449355,3,1.872814223316878,0.0,-0.9285257036568859,2,0
2.411542475454906,0,40,2,-1.214985091582233,3,0.3698333129805629,0.0,0.36534008707244925,2,0
0.12093030717034697,1,13,0,-0.5390950475346622,0,0.5966983560501954,0.0,2.2405112185519434,0,1
0.22498631240510764,1,19,2,1.319602573596157,0,0.398191443364267,0.0,2.023733931785209,1,2
-0.32455083990897304,1,2,2,-0.7080675585465548,0,-0.04135957758314592,0.0,1.1566402228633235,0,1
0.8813395761935978,1,40,1,-0.8770400695584475,1,-0.6227012504490791,0.0,0.6306343176881275,2,0
0.10551971399897454,1,28,0,-1.4402817729314232,3,-1.0055360106290838,0.0,-1.0034393025199537,2,0
1.6320884733780778,1,11,0,-0.9896884102330427,3,0.029535748376114227,0.0,-1.0808307236638093,2,1
0.08665898802804081,1,27,2,0.5310641888739914,1,-0.5376268592979668,0.0,-0.9940451912560329,0,2
0.7886000065413975,1,38,1,-1.4966059432687207,3,0.9937121814220522,0.0,-0.9298353729620997,2,0
0.9787713264532014,0,35,0,0.5310641888739914,0,0.28475892182945073,0.0,-0.9849984382557737,0,0
-0.7063655363937269,1,39,1,1.7701959362945374,2,-1.019715075820936,0.0,-0.47976198422337973,1,0
-1.075299737093453,1,39,2,-1.4402817729314232,3,0.3698333129805629,0.0,-1.024522662612139,2,0
-0.8652096504855167,1,4,2,0.6437125295485865,1,2.4683349613746635,0.0,-0.4838042052027333,1,1
-1.0245137822839145,0,27,2,1.0379817219096692,0,0.38401237817241496,0.0,1.962310698673097,1,2
0.48908247776883934,0,24,0,1.0379817219096692,2,0.2564007914457467,0.0,-0.7854629864875424,1,2
-0.8424387740084138,1,37,1,-1.3839576025941256,3,0.7526680731605677,0.0,-0.9735304695065827,2,0
1.8314601474220447,0,2,2,-1.1023367509076378,3,-0.21150835988537026,0.0,-1.2682034901555261,2,1
-1.0939304542110826,0,22,1,0.24944333718750358,1,0.5966983560501954,0.0,-0.22207361306980772,0,2
0.6103891470014051,1,9,0,-0.9896884102330427,3,-1.1047894669720482,0.0,-1.1147509013664307,2,1
-0.8715118930660483,1,39,0,-0.31379836618547197,0,-0.4809105985305588,0.0,-1.086421905196677,0,0
0.36395766157142606,1,28,1,0.02414665583831336,1,0.5116239648990832,0.0,-0.5326916645329167,0,0
-1.0038589872572095,1,0,2,-1.4402817729314232,3,0.7810262035442718,0.0,-1.0225826023839835,2,1
0.47684600677306277,1,9,2,1.319602573596157,2,-0.7219547067920432,0.0,0.3363292394962483,1,1
1.4322567816275031,1,22,2,1.0379817219096692,0,-0.5518059244898189,0.0,2.2618904764242855,1,2
-0.1755971065092582,1,2,0,-1.4402817729314232,3,0.9369959206546441,0.0,-1.1508169812312299,2,1
-0.2133185584511254,1,10,0,-1.4402817729314232,3,-1.1189685321639002,0.0,-0.8119033829126457,2,1
-1.128615789289336,1,40,1,-1.4402817729314232,3,2.284007113880587,0.0,-1.0623152416985462,2,0
-0.7955169679343839,1,27,2,0.6437125295485865,2,-0.14061303392611013,0.0,-0.8293613519418719,1,2
0.4076133419285383,1,2,2,-0.5954192178719597,0,-0.1831502295016662,0.0,0.12465940571743037,0,1
-0.38674523384239323,1,12,0,-0.4827708771973646,1,2.326544309456143,0.0,0.9281788333166753,0,1
-0.2797911170560013,1,29,2,0.8690092108977767,2,1.9295304840842862,0.0,-0.5914852669379005,1,0
-0.7136338161581354,1,7,2,0.02414665583831336,1,-0.45255246814685474,0.0,0.27692325733754963,0,1
-0.34916178721250835,1,14,0,-1.1023367509076378,3,-1.2040429233150123,0.0,-1.0965467553263757,2,2
2.0065428865571016,1,5,1,0.47474001853669384,2,-0.14061303392611013,0.0,-0.6797657263915106,0,1
-0.5016576569531058,0,23,2,-0.5954192178719597,0,-0.3816571421875946,0.0,2.195321194961627,0,2
-0.6848827094951269,1,20,1,-1.3839576025941256,3,-0.2256874250772223,0.0,-0.9556376593917355,2,2
-0.8043493079012602,1,42,1,-1.1023367509076378,3,-0.3107618162283345,0.0,-1.0878653717590052,2,0
0.5019629735538672,0,39,2,1.7701959362945374,2,1.3765469416020568,0.0,0.528485257929797,1,0
1.0798372165950092,0,15,2,-0.5390950475346622,1,0.08625200914352235,0.0,0.7051105024413992,0,2
0.9036504349640926,1,20,1,1.9954926176437278,2,0.4549077041316751,0.0,-0.06504194765290802,1,2
1.7879884741475753,1,22,1,1.4322509142707522,2,-0.580164054873523,0.0,0.5835659864498621,1,2
-0.4005917668112981,1,30,1,0.02414665583831336,0,-0.06971770796684996,0.0,0.00900196903891752,0,0
-0.7725620843746378,1,12,0,0.9816575515723718,0,-0.39583620737944664,0.0,1.8752189763884628,1,1
-0.463844201469917,1,3,0,-0.8770400695584475,1,-0.7503128371757473,0.0,-0.27927708653447275,2,1
-0.9987987924845197,1,9,0,1.826520106631835,2,-0.1831502295016662,0.0,0.35223567494778474,1,1
-0.8169537930623232,0,19,0,0.19311916685020603,1,-0.9771778802453798,0.0,0.3543352626748073,0,2
-1.0574050483063964,1,16,2,0.19311916685020603,1,0.851921529503532,0.0,-0.06139854542072177,0,2
-0.7946429342918284,1,33,0,0.19311916685020603,0,0.38401237817241496,0.0,1.9448887519823244,0,0
-0.5224964590624545,1,36,1,1.319602573596157,0,0.44072863893982306,0.0,1.7013931821795572,1,0
-0.9217458266276567,1,12,0,-0.5390950475346622,0,-0.33911994661203854,0.0,-1.070595233494574,0,1
2.3834353935811485,1,21,1,0.9253333812350742,0,-1.2465801188905685,0.0,1.6776441690417894,1,2
-0.6945890831045586,1,34,0,-1.1023367509076378,3,0.5825192908583434,0.0,-1.0356175428559153,2,0
-0.6326706997951034,1,41,2,-0.933364239895745,3,2.496693091758367,0.0,-0.8946801436553473,2,0
-0.9666895565632718,1,38,1,-1.214985091582233,3,1.390726006793909,0.0,-1.1892965577724348,2,0
1.8554730717069896,0,38,1,-1.327633432256828,3,0.412370508556119,0.0,-1.2830627047677265,2,0
0.5594191851092236,1,24,2,1.5448992549453473,2,0.5825192908583434,0.0,-0.6783402709984094,1,2
-0.6544295373176683,1,4,1,1.3759267439334546,2,0.412370508556119,0.0,0.2029256550808788,1,1
-1.1273277397108332,0,21,2,0.587388359211289,2,-1.1047894669720482,0.0,-0.8116512265434691,0,2
-0.7399928307467818,1,29,2,0.700036699885884,2,-1.4450870315764968,0.0,-0.26099832279333474,1,0
-0.5770085572955187,0,15,1,-0.933364239895745,1,0.42654957374797103,0.0,-1.0892470857411267,2,2
0.07640059317067953,1,4,2,1.319602573596157,2,0.7810262035442718,0.0,0.6993109059503343,1,1
-0.8418867527604842,1,37,1,-1.1586609212449355,3,-1.019715075820936,0.0,-1.0064677519742498,2,0
-1.0415804391990766,1,37,0,0.7563608702231815,0,1.7593817017820617,0.0,1.4980367895110462,1,0
-0.9469087951791219,1,4,2,-1.3839576025941256,3,0.29893798702130275,0.0,-1.0220731435972794,2,1
2.59495153507957,0,13,2,0.47474001853669384,1,1.7593817017820617,0.0,0.13596012789522857,0,1
-0.4751606370524772,1,11,0,0.6437125295485865,1,-0.04135957758314592,0.0,0.97259694965441,1,1
-0.9357763666792049,1,40,1,-0.20115002551087688,0,0.38401237817241496,0.0,0.4882225756351281,0,0
0.5890443254147877,1,17,0,0.8690092108977767,1,-0.7644919023675993,0.0,0.7045212799052617,1,2
-0.09633605566067618,1,31,1,0.3620916778620987,2,0.7952052687361238,0.0,0.27782896184724554,0,0
-0.6538315142990776,1,9,0,0.6437125295485865,0,-0.7786709675594513,0.0,1.1399181387482256,1,1
-1.1212555059836058,1,12,1,-0.6517433882092573,0,-0.8212081631350074,0.0,0.3414444115566907,0,1
0.5389483971651613,1,7,0,-0.5390950475346622,1,1.6459491802472455,0.0,0.34400199758691175,0,1
0.3665797624990924,1,35,1,-0.933364239895745,3,0.6392355516257515,0.0,-0.8898557233267108,2,0
0.5086332302996852,1,15,2,1.206954232921562,2,-1.2182219885068644,0.0,0.4127995179853562,1,2
-0.6628478613485972,1,39,1,0.7563608702231815,0,-0.23986649026907433,0.0,0.5857324728054418,1,0
1.0975939000700832,1,34,0,-0.2574741958481744,1,0.18550546548648653,0.0,0.4657755127300482,0,0
1.4040576962124245,1,34,2,1.1506300625842643,0,-1.3600126404253847,0.0,1.7124520400848802,1,0
0.8490923349603675,1,35,2,-0.14482585517357932,0,0.412370508556119,0.0,0.5685806936530731,0,0
-0.8485570095063021,1,20,1,-0.8770400695584475,0,-0.9629988150535277,0.0,1.4218263864636407,2,2
0.0013717052228923244,0,33,2,0.5310641888739914,2,0.2564007914457467,0.0,-0.848828852851986,0,0
-0.4131502502017002,0,15,1,0.8126850405604792,0,-0.28240368584463044,0.0,2.0267083477318244,1,2
0.09153517571808707,1,21,1,0.6437125295485865,0,0.34147518259685883,0.0,-1.2794527518498187,1,2
-1.0161874617943074,1,16,0,1.2632784032588595,0,0.6392355516257515,0.0,0.1540870832100257,1,2
-1.0038589872572095,1,32,1,0.30576750752480114,1,0.6534146168176035,0.0,1.231556394750567,0,0
1.1495759009168027,0,3,0,1.0943058922469668,2,-0.46673153333870676,0.0,0.30186615369264413,1,1
2.2078926367394835,1,16,2,-0.7643917288838524,0,-1.2891173144661245,0.0,2.360877289471206,2,2
0.612137214286516,0,2,0,0.41841584819939626,1,0.4549077041316751,0.0,0.3489988105352916,0,1
-1.0616372112071915,1,29,0,0.8690092108977767,1,0.6675936820094556,0.0,0.42402304943789615,1,0
0.8728292486213475,1,39,0,-1.1023367509076378,3,1.7593817017820617,0.0,-1.0510839911734804,2,0
-0.4996795808146908,1,33,1,-1.214985091582233,3,-1.473445161960201,0.0,-0.8701129088298426,2,0
-0.966643554792611,1,14,2,1.826520106631835,2,2.312365244264291,0.0,0.003678382020278178,1,2
0.041439247468460984,1,42,1,-0.6517433882092573,1,-0.594343120065375,0.0,0.03512073744211188,0,0
0.39657291696994285,1,4,2,-1.3839576025941256,3,-0.39583620737944664,0.0,-1.2232913531761391,2,1
0.7401601420355606,0,27,2,-0.7080675585465548,0,-1.04807320620464,0.0,1.3763173078755904,0,2
-1.0246057858252362,1,8,2,1.0379817219096692,2,-0.608522185257227,0.0,-0.19787946674971757,1,1
-0.8822303056300179,1,12,1,0.587388359211289,2,0.7668471383524198,0.0,0.3084633876780437,0,1
-1.0724476273124826,0,24,1,-1.327633432256828,3,0.043714813567966256,0.0,-1.2413411177656777,2,2
0.13399481003801822,0,5,1,0.47474001853669384,0,-0.14061303392611013,0.0,0.3276452829047026,0,1
-0.8486950148182846,1,26,0,-1.2713092619195305,3,1.9720676796598422,0.0,-0.8373531650302691,2,2
0.241224937448375,1,3,0,0.47474001853669384,2,-1.1047894669720482,0.0,-0.28995770988603026,0,1
0.14751933061229744,1,31,1,1.206954232921562,2,-0.6652384460246351,0.0,-0.13286171886474876,1,0
-0.5009676303931936,0,0,2,1.1506300625842643,0,1.2205772244916846,0.0,0.6084111078862963,1,1
-0.39562357557993016,1,16,0,-0.82071589922115,0,-0.01300144719944186,0.0,0.24219257701971708,2,2
2.2088586739233604,1,30,0,0.587388359211289,1,0.015356683184262197,0.0,1.2177624121469293,0,0
-0.1975399511144664,1,8,0,0.02414665583831336,1,-1.4450870315764968,0.0,-0.3491784343041092,0,1
-0.7464790804099565,1,24,1,-0.9896884102330427,3,1.1922190941079804,0.0,-1.1441219723271698,2,2
0.03476899072264304,0,36,1,0.700036699885884,2,1.6175910498635413,0.0,-0.2397399970572308,1,0
-0.8227960179362465,0,13,2,0.3620916778620987,0,1.1638609637242765,0.0,1.5402935655415515,0,1
-1.1625190942663557,1,24,2,1.3759267439334546,0,0.38401237817241496,0.0,1.266868578532011,1,2
-0.9774539708979022,0,39,2,-1.0460125805703402,3,1.872814223316878,0.0,-0.8875297094722642,2,0
-0.14523593787312117,1,4,2,-1.4966059432687207,3,0.14296826991093045,0.0,-1.1746045897316268,2,1
-0.8835183552085205,1,21,0,0.587388359211289,2,-0.7361337719838953,0.0,0.627006353600993,0,2
-0.6650559463403162,1,17,2,0.9816575515723718,0,-0.9913569454372317,0.0,1.4908451869411585,1,2
1.6438189248965855,0,13,1,0.9253333812350742,2,-1.1615057277394563,0.0,0.5695790270330789,1,1
-0.39520955964398297,1,37,1,0.8690092108977767,1,1.1355028333405723,0.0,-0.7227738254811956,1,0
0.4043932179822812,1,35,1,-1.2713092619195305,3,0.05789387875981828,0.0,-0.816959375417057,2,0
2.8353567885529825,1,42,2,-1.2713092619195305,3,2.3974396354154033,0.0,-1.181132352064294,2,0
0.16831213095098516,1,22,1,-0.4264467068600671,1,-0.8921034890942676,0.0,-0.9974441561915682,0,2
-1.0484807047981985,1,14,0,-1.4966059432687207,3,1.7593817017820617,0.0,-1.0349768598362725,2,2
-0.21778073020522434,1,12,0,-1.327633432256828,3,-0.6368803156409311,0.0,-1.2622109168513156,2,1
-1.0870761903826212,1,6,0,1.5448992549453473,2,0.7384890079687157,0.0,0.5280401247474749,1,1
-0.374186750451991,1,31,2,-0.933364239895745,3,-0.6794175112164872,0.0,-0.9261791056090372,2,0
-0.76759389314327,0,21,1,-0.20115002551087688,1,0.21386359587019058,0.0,0.9174107271431589,0,2
-0.8574813530145001,1,3,1,-0.933364239895745,3,-1.2465801188905685,0.0,-1.2683295683401143,2,1
0.5539449744005865,0,26,2,-1.327633432256828,3,-0.4383734029550027,0.0,-1.0939994613928556,2,2
-0.4959994391618258,0,8,1,1.4885750846080497,2,-0.16897116430981418,0.0,0.15016064831855933,1,1
0.6091010974229022,0,17,2,-1.0460125805703402,3,-1.2607591840824204,0.0,-0.8838245546598714,2,2
-0.7175439666643046,1,39,1,1.0379817219096692,0,-0.9913569454372317,0.0,1.3066398132092027,1,0
-0.5480274417792061,1,14,1,1.0943058922469668,0,-0.7928500327513034,0.0,2.2525632637889212,1,2
2.824224360053065,1,38,0,0.3620916778620987,2,1.5608747890961332,0.0,-0.3613745688949024,0,0
0.9318955221498322,1,11,1,0.41841584819939626,1,0.8661005946953839,0.0,0.1354686802777515,0,1
0.3265582220241845,0,22,1,-1.3839576025941256,3,0.7952052687361238,0.0,-1.2225400301169593,2,2
2.303714325025958,1,33,2,0.47474001853669384,1,-1.1473266625476042,0.0,-0.10050079381234274,0,0
-0.9620433777265297,0,22,2,1.6012234252826447,2,0.5825192908583434,0.0,0.4030271721676702,1,2
-0.3928174675696206,1,26,1,-1.0460125805703402,3,2.454155896182811,0.0,-0.9850010112799489,2,2
1.8528969725499838,1,4,0,-1.2713092619195305,3,1.2063981592998325,0.0,-0.9910939325269948,2,1
-1.034266157664007,1,18,2,-1.1023367509076378,3,2.326544309456143,0.0,-1.0854364369375475,2,2
-0.02921947226654896,1,18,0,0.9816575515723718,2,-0.4383734029550027,0.0,-0.9139315105347385,1,2
1.3698783806114396,1,33,0,0.24944333718750358,0,-0.15479209911796216,0.0,2.501948485928888,0,0
-1.0487567154221635,1,34,1,0.587388359211289,0,-0.29658275103648246,0.0,-1.265864611180203,0,0
-1.1020267658473857,1,36,0,0.24944333718750358,0,-0.35329901180389056,0.0,1.737721710510234,0,0
2.946083050533561,1,9,2,-0.6517433882092573,0,0.6959518123931596,0.0,1.5575251084433535,0,1
-0.44788158705061465,1,19,0,0.24944333718750358,1,-1.1473266625476042,0.0,-1.2154101801272785,0,2
-0.9202737699665108,0,15,2,1.71387176595724,2,1.0787865725731642,0.0,0.3351688055932002,1,2
-0.24091962084761365,1,30,2,0.41841584819939626,2,1.362367876410205,0.0,-0.06513457652321776,0,0
-0.9447467119580636,1,11,1,-0.8770400695584475,0,-0.608522185257227,0.0,-0.9671622346727825,2,1
-0.7134038073048314,0,6,2,-0.7080675585465548,1,-0.6227012504490791,0.0,-0.5967110790378796,0,1
0.20037536510157244,1,10,0,-0.9896884102330427,3,0.043714813567966256,0.0,-0.9585683339273713,2,1
-0.8226120108536031,1,31,2,1.2632784032588595,2,-0.6510593808327831,0.0,-0.1433365002822844,1,0
-1.0948964913949597,1,26,1,-1.327633432256828,3,-0.580164054873523,0.0,-0.9777656672990817,2,2
2.190457965659035,0,38,0,-1.0460125805703402,3,-0.04135957758314592,0.0,-1.196948731669696,2,0
-0.8797922117849946,1,26,0,-0.5954192178719597,1,0.44072863893982306,0.0,0.8726889939527418,0,2
-0.8707758647354752,0,20,0,-1.1586609212449355,3,-0.8921034890942676,0.0,-1.053353398496071,2,2
-0.5468773975126858,1,39,1,0.587388359211289,0,-1.019715075820936,0.0,2.3620274312775527,0,0
0.6532167954866227,1,8,0,-1.2713092619195305,3,-0.8921034890942676,0.0,-0.8310235255590981,2,1
0.9802893848850082,1,27,0,-1.3839576025941256,3,0.42654957374797103,0.0,0.9126789356848319,2,2
-1.0064350864142149,1,16,0,0.700036699885884,0,0.894458725079088,0.0,-1.243803501901414,1,2
-0.4421773674886737,1,42,0,-0.7643917288838524,1,-1.473445161960201,0.0,0.11154470149606502,2,0
0.2715401043138511,0,27,1,-1.214985091582233,3,-0.3674780769957426,0.0,-1.0713697137713312,2,2
-0.41609436352399237,1,17,0,-1.0460125805703402,3,-0.49508966372241087,0.0,-1.1594906457260745,2,2
-0.2070163158705939,1,37,1,0.13679499651290847,1,1.0646075073813122,0.0,-0.0857110508528745,0,0
-0.06859698795220551,1,32,2,-1.0460125805703402,3,0.5541611604746394,0.0,-0.9004076954695047,2,0
-1.0724016255418216,1,16,1,1.319602573596157,0,0.14296826991093045,0.0,2.2345006340785067,1,2
-0.8532491901137051,0,29,1,1.6575475956199424,2,0.8093843339279758,0.0,-0.8487902574893568,1,0
0.26753795026636035,1,22,0,1.9954926176437278,2,1.5608747890961332,0.0,0.5089096900043214,1,2
-0.3429515481732985,0,2,2,1.8828442769691325,2,0.043714813567966256,0.0,0.6258304815528931,1,1
2.7521855871982313,1,13,1,0.6437125295485865,2,-0.01300144719944186,0.0,-0.5414167895112668,1,1
0.022210507332240816,1,28,0,1.0943058922469668,2,-0.9488197498616757,0.0,0.6502407619037065,1,0
-0.16414266561471555,0,33,2,1.4885750846080497,2,1.390726006793909,0.0,0.11726453423769637,1,0
-1.1247516405538276,1,34,1,-0.7643917288838524,1,0.14296826991093045,0.0,0.43462390904002013,2,0
-0.6150980234026725,1,8,2,-0.933364239895745,3,-1.1047894669720482,0.0,-0.8040556591780637,2,1
0.6384962288751624,1,25,2,0.6437125295485865,2,-1.4450870315764968,0.0,0.06362469925578401,1,2
2.06238903613933,1,19,2,0.3620916778620987,2,0.44072863893982306,0.0,-0.4697349090123415,0,2
0.522249754415286,1,35,0,1.3759267439334546,2,-0.7077756416001912,0.0,0.4754989710884041,1,0
-1.1290758069959443,1,17,0,1.2632784032588595,2,2.1138583315783626,0.0,0.6365008128077495,1,2
-0.2632304796181084,1,39,1,-0.7643917288838524,1,-1.1756847929313083,0.0,0.4908805096081849,2,0
0.21983411409109646,1,1,1,-1.3839576025941256,3,-1.1189685321639002,0.0,-1.133814437481027,2,1
1.6752841360285817,0,29,1,-0.933364239895745,3,-0.29658275103648246,0.0,-1.2556599973010711,2,0
2.3066584383482502,1,5,2,-1.2713092619195305,3,-0.027180512391293887,0.0,-0.9392655065644746,2,1
-0.6143619950720994,1,38,1,0.41841584819939626,0,-1.515982357535757,0.0,0.8638635210315563,0,0
-0.7365426979472207,1,15,2,0.9253333812350742,2,0.7384890079687157,0.0,0.7470122011357168,1,2
-0.5235544997876531,1,18,2,1.2632784032588595,0,-0.3107618162283345,0.0,-0.9856674245413445,1,2
-1.0139793768025882,0,14,1,-1.214985091582233,3,0.3131170522131548,0.0,-0.8738437938839883,2,2
-1.06494933869477,1,17,1,0.7563608702231815,1,2.454155896182811,0.0,-0.6437202307201138,1,2
-0.705123488585885,1,37,2,0.8690092108977767,0,-0.14061303392611013,0.0,1.7776267424445402,1,0
-0.6444471530842717,1,32,2,0.700036699885884,1,-0.35329901180389056,0.0,0.934899572462488,1,0
-0.945160727894011,0,17,2,-0.933364239895745,3,0.44072863893982306,0.0,-0.9818027422300848,2,2
-0.22780911620928176,1,30,1,-1.3839576025941256,3,0.49744489970723116,0.0,-1.193572923951738,2,0
-1.0072631182861094,1,33,0,-1.3839576025941256,3,-0.49508966372241087,0.0,-0.9195844446478129,2,0
-0.4699164351971444,1,24,2,0.08047082617561092,1,-0.6227012504490791,0.0,0.7596380307637807,0,2
-0.2621724388929096,1,6,2,-1.1586609212449355,3,-0.5659849896816709,0.0,-0.9680113326506224,2,1
-1.0954485126428894,1,26,0,0.6437125295485865,1,-1.2891173144661245,0.0,0.8564943797935751,1,2
0.6547808556890903,1,0,0,0.13679499651290847,0,2.2272908531131788,0.0,0.7447067714746723,0,1
0.5604772258344222,1,23,1,-0.2574741958481744,1,0.6817727472013075,0.0,0.5864837958646215,0,2
-0.6054836533345624,1,20,0,0.24944333718750358,1,-1.2182219885068644,0.0,-0.5417461366057018,0,2
-1.1006467127275614,1,0,0,0.47474001853669384,2,-0.25404555546092633,0.0,-0.893846483822559,0,1
0.14117108626110517,1,25,0,-1.2713092619195305,3,1.3198306808346487,0.0,-1.0005986838304526,2,2
2.8445571426851455,1,37,2,-0.933364239895745,1,0.7668471383524198,0.0,-0.11909861255121455,2,0
-0.9947506366663681,0,9,0,-0.4827708771973646,0,2.1280373967702144,0.0,2.369993514124197,0,1
-0.6042876072973813,0,16,2,0.24944333718750358,1,0.8235633991198279,0.0,-0.48313521891716227,0,2
0.42357595634784057,1,3,2,-1.1586609212449355,3,0.398191443364267,0.0,-1.0473531061193349,2,1
-0.5886470052727046,1,40,0,1.3759267439334546,2,-1.2465801188905685,0.0,-0.6388340578112708,1,0
0.29702508525994203,1,1,2,0.587388359211289,1,0.8377424643116799,0.0,1.1213769265412097,0,1
-1.1728234908943782,1,34,0,0.47474001853669384,2,2.255648983496883,0.0,-0.9904300922897745,0,0
-0.9469087951791219,1,20,1,0.5310641888739914,0,2.4683349613746635,0.0,1.9868341920876218,0,2
0.58692824396439,0,36,2,-0.7643917288838524,1,0.34147518259685883,0.0,1.2453709615476065,2,0
-1.1197834493224599,1,14,1,-1.214985091582233,3,0.5541611604746394,0.0,-1.0735233350060347,2,2
0.3375986469827797,1,34,2,0.6437125295485865,2,1.3056516156427966,0.0,0.23568282585627706,1,0
-0.9916685180320937,1,25,0,-1.4966059432687207,3,-0.5518059244898189,0.0,-0.8553051547011475,2,2
-0.7227421667489766,0,31,2,1.0379817219096692,2,-0.3674780769957426,0.0,-0.6492033452376201,1,0
-0.4865230744056982,1,24,0,1.3759267439334546,2,-0.8495662935187115,0.0,-0.47686218597784724,1,2
-1.0436045171081523,1,35,2,1.6012234252826447,2,0.14296826991093045,0.0,-0.9942510331900547,1,0
-0.9293361187866911,1,0,0,1.1506300625842643,0,-1.033894141012788,0.0,0.7529790441981745,1,1
-1.0953565091015678,1,18,0,0.47474001853669384,0,-1.4309079663846447,0.0,2.3761456149272746,0,2
1.7366044963194467,1,18,2,-0.9896884102330427,3,0.7952052687361238,0.0,-1.2256070749338845,2,2
-0.8060053716450495,1,24,0,-1.4402817729314232,3,-0.06971770796684996,0.0,-0.9000937865201213,2,2
-0.7931248758600217,1,27,2,1.71387176595724,2,0.7243099427768637,0.0,0.5968710944601978,1,2
0.7086029273622423,0,41,0,0.9253333812350742,2,-0.580164054873523,0.0,-0.6508577997823206,1,0
-0.3849511647866214,1,3,0,-0.6517433882092573,0,-1.4450870315764968,0.0,1.4489975217545217,0,1
-0.5358369725540905,1,7,0,-0.5954192178719597,1,0.6108774212420475,0.0,-0.5464444787497499,0,1
-0.41775042726778155,1,9,1,-0.933364239895745,3,-0.05553864277499795,0.0,-1.1145502054807597,2,1
0.13491484545123444,1,24,0,1.0379817219096692,2,-1.1898638581231602,0.0,-0.6537833282696057,1,2
1.2698245294241697,1,17,0,-1.2713092619195305,3,0.42654957374797103,0.0,-1.0445768130342155,2,2
0.17245229031045856,1,5,2,-1.1023367509076378,3,0.35565424778871085,0.0,-0.8165451185248379,2,1
-1.0507807933312392,1,1,1,1.9391684473064301,2,0.015356683184262197,0.0,-0.8233713516618367,1,1
0.06439413102820708,1,28,0,-1.1023367509076378,3,-1.1615057277394563,0.0,-0.8517775385568486,2,0
1.148517860191604,1,11,1,-1.327633432256828,3,-1.3883707708090887,0.0,-1.0213784270699557,2,1
-0.22730309673201288,1,39,1,-1.2713092619195305,3,-1.2465801188905685,0.0,-0.8428723018862293,2,0
0.4351684025543655,1,40,0,1.0379817219096692,2,0.6817727472013075,0.0,0.09532693011932034,1,0
0.02423458524131661,1,6,1,-1.3839576025941256,3,0.44072863893982306,0.0,-1.187817068871653,2,1
-0.9671495742698799,1,14,1,0.8126850405604792,0,-1.2607591840824204,0.0,0.9727461850565758,1,2
-1.0539549155068355,0,18,1,1.0379817219096692,2,-0.3816571421875946,0.0,0.06992088941267666,1,2
0.34638498517899524,1,19,0,1.7701959362945374,2,0.3698333129805629,0.0,0.5462133944974267,1,2
1.8933785307315,0,28,0,0.9816575515723718,0,1.9011723537005822,0.0,2.1780922250840002,1,0
-0.9500369155840572,1,6,0,0.24944333718750358,0,0.38401237817241496,0.0,0.714936881766766,0,1
1.3785727152663332,1,10,0,1.5448992549453473,2,-1.3032963796579766,0.0,0.02742482213387094,1,1
-0.7742181481184272,0,33,2,-1.4966059432687207,3,2.3974396354154033,0.0,-0.8525983332687606,2,0
2.252192341885847,1,22,0,0.7563608702231815,0,0.1146101395272264,0.0,2.102337247315618,1,2
-0.8699478328635806,1,24,2,-1.4402817729314232,3,0.5399820952827873,0.0,-1.1902948911524407,2,2
-0.7485951618603539,1,27,0,-0.8770400695584475,1,0.3131170522131548,0.0,1.2299482546410216,2,2
-0.990104457829626,0,30,1,1.826520106631835,2,-0.8637453587105636,0.0,0.2506346693387873,1,0
-0.29598374032860764,0,16,2,1.9391684473064301,2,0.49744489970723116,0.0,0.019456166263050977,1,2
0.1605838334799684,1,11,1,1.826520106631835,2,0.029535748376114227,0.0,0.4593892667270209,1,1
0.3932147877117034,0,12,1,-0.9896884102330427,3,-0.4241943377631507,0.0,-0.9503243644697972,2,1
-0.726606315484485,1,34,2,-0.9896884102330427,3,-1.0055360106290838,0.0,-1.075715551603367,2,0
-1.0527588694696544,0,8,2,-0.2574741958481744,0,-0.2256874250772223,0.0,2.2004955465781006,0,1
-1.0607631775646358,0,36,2,0.02414665583831336,0,2.2414699183050306,0.0,1.7126861852848299,0,0
-0.5924651522375521,1,26,0,0.41841584819939626,2,-0.6227012504490791,0.0,0.2636696098107193,0,2
0.6241896781996492,1,10,0,0.8690092108977767,1,0.7526680731605677,0.0,-0.18262400641452506,1,1
1.217428512641503,0,39,1,-0.20115002551087688,1,-0.6510593808327831,0.0,-0.28017764499581826,0,0
2.7297367231157543,1,39,0,-1.1023367509076378,3,2.1280373967702144,0.0,-1.2143578132395918,2,0
-0.3857791966585161,1,8,2,1.319602573596157,0,-1.2465801188905685,0.0,0.45226198976151527,1,1
-0.47851876631071655,1,29,1,0.587388359211289,0,-0.05553864277499795,0.0,0.45286665044270447,0,0
-1.0821079991512534,1,9,1,-0.933364239895745,3,0.48326583451537913,0.0,-1.0664552375965601,2,1
-0.6661599888361757,1,10,0,0.08047082617561092,0,-0.25404555546092633,0.0,1.8339785449071901,0,1
0.3011192428487544,0,33,1,-0.7080675585465548,1,-1.076431336588344,0.0,0.3620363240313989,0,0
-0.494941398436627,1,38,1,1.2632784032588595,2,0.7952052687361238,0.0,-0.7603374054160034,1,0
1.425908537276311,0,5,0,-1.1586609212449355,3,-0.7503128371757473,0.0,-1.2128294368794799,2,1
-0.3469537022207893,1,33,1,1.71387176595724,2,-0.8779244239024155,0.0,0.6603759041301059,1,0
-0.8209559471098139,1,42,1,-1.327633432256828,3,0.12878920471907843,0.0,-1.1395239781259574,2,0
0.2877787293571185,0,42,1,-1.327633432256828,3,-0.8353872283268595,0.0,-1.0102217942459728,2,0
1.5039735420877114,0,26,2,0.8126850405604792,1,0.3272961174050068,0.0,0.2064995856603328,1,2
-0.7161639135444803,1,22,2,1.0379817219096692,2,0.28475892182945073,0.0,-1.0214144494084096,1,2
1.5331386646866676,1,5,2,0.9816575515723718,2,1.2914725504509448,0.0,-0.7858154907995547,1,1
-0.13999173601778833,0,29,1,-1.1023367509076378,3,1.1355028333405723,0.0,-0.8308768631811075,2,0
1.817935626847765,1,31,2,1.5448992549453473,2,-0.5234477941061149,0.0,-0.7121292244680919,1,0
-0.8068334035169441,1,39,2,-0.3701225365227695,0,0.5399820952827873,0.0,0.2142958489114095,0,0
-0.2965817633471983,1,35,1,-1.1023367509076378,3,-1.487624227152053,0.0,-1.2077477141333162,2,0
0.22259422033074538,0,2,1,1.8828442769691325,2,0.08625200914352235,0.0,-0.8174791263004619,1,1
-0.2522360564301738,1,40,2,1.319602573596157,2,2.383260570223551,0.0,-0.6073865563410864,1,0
-1.1404382443491652,1,30,0,-1.2713092619195305,3,0.3131170522131548,0.0,-1.023588654836515,2,0
0.8262754567126039,1,23,1,-0.82071589922115,1,-0.19732929469351823,0.0,0.5765184732337898,2,2
2.2397258620367664,0,16,2,-1.4402817729314232,3,-0.14061303392611013,0.0,-1.0470314780974257,2,2
-1.104464859692409,1,1,0,0.700036699885884,0,-1.0622522713964921,0.0,1.5123891183607177,1,1
0.1586977608828752,1,21,2,0.02414665583831336,0,-1.1756847929313083,0.0,2.4542600558643817,0,2
-0.7849365606823967,1,41,0,-0.20115002551087688,0,2.0855002011946584,0.0,2.530542503588695,0,0
1.3770546568345268,0,4,1,-1.2713092619195305,3,-0.6510593808327831,0.0,-1.0969018326625632,2,1
-0.9951646526023155,1,29,1,-1.214985091582233,3,1.1496818985324244,0.0,0.3384416923441473,2,0
-0.8434508129629519,0,25,2,-1.1023367509076378,3,-0.8070290979431554,0.0,-0.7966402035049275,2,2
0.4129035455545318,1,37,1,-0.03217751449898419,0,-1.515982357535757,0.0,2.0560562614749864,0,0
-0.01578695523359128,1,32,0,1.71387176595724,2,1.461621332753169,0.0,-0.600308166834911,1,0
-1.1445324019379777,1,25,0,-0.2574741958481744,0,0.3698333129805629,0.0,0.8839022333085808,0,2
1.3066259459528207,1,15,1,0.02414665583831336,0,2.170574592345771,0.0,-1.201006390794101,0,2
0.03578102967718081,1,3,0,1.0943058922469668,0,0.08625200914352235,0.0,0.866030007387136,1,1
-0.037775801609460244,1,25,0,1.71387176595724,2,1.1780400289161286,0.0,-0.628904757518893,1,2
-1.0673414307691322,1,33,1,0.5310641888739914,1,-0.1264339687342581,0.0,0.4028496334995762,0,0
0.7923721517355843,1,13,0,1.206954232921562,0,-0.8070290979431554,0.0,1.760871209015164,1,1
-0.6380529069624186,0,22,1,-0.31379836618547197,0,0.10043107433537438,0.0,0.4375983249866356,0,2
-0.41660038300126123,1,26,2,0.8690092108977767,1,2.383260570223551,0.0,-0.7792903014910628,1,2
0.15096946341185846,1,3,0,1.1506300625842643,2,-0.7786709675594513,0.0,-0.502692775673411,1,1
-0.6024935382416096,1,20,0,-1.327633432256828,3,0.29893798702130275,0.0,-1.2584054140960872,2,2
0.2245722964691604,1,6,2,0.7563608702231815,2,1.3765469416020568,0.0,-0.1593355646041308,1,1
1.1525200142390948,0,15,1,1.0943058922469668,0,-0.8921034890942676,0.0,1.6411818434539984,1,2
1.1397315219953885,0,3,1,-1.1023367509076378,3,-0.25404555546092633,0.0,-1.025652220225084,2,1
-0.9856882878461879,1,10,1,-0.8770400695584475,1,-0.01300144719944186,0.0,0.11136716282797107,2,1
1.614285788132343,1,3,0,-0.7080675585465548,0,-0.49508966372241087,0.0,1.1800470237857805,0,1
-0.7565534681846747,1,6,2,1.826520106631835,2,0.08625200914352235,0.0,-1.0445227795265346,1,1
0.216521986603518,1,41,1,-1.2713092619195305,3,-1.2607591840824204,0.0,-0.8388609571969791,2,0
1.8971966776963471,1,23,0,-1.3839576025941256,3,0.3131170522131548,0.0,-1.0574547990314558,2,2
0.06522216290010176,0,34,0,-1.3839576025941256,3,0.28475892182945073,0.0,-1.241142994904182,2,0
-0.038787840563998144,1,16,1,-0.4264467068600671,1,-0.5659849896816709,0.0,1.211386458240603,0,2
-1.0198216016765116,1,6,2,-1.4402817729314232,3,-0.6794175112164872,0.0,-1.0819191128899497,2,1
0.3204859882969569,0,27,2,-1.4966059432687207,3,0.2564007914457467,0.0,-1.2358785874415736,2,2
-0.49728748874032863,1,29,0,-1.1023367509076378,3,-0.8779244239024155,0.0,-1.0638822134212873,2,0
0.5411104803862197,1,34,0,0.8690092108977767,0,0.29893798702130275,0.0,0.8997983766634163,1,0
2.59044336155481,1,41,0,-1.1023367509076378,3,-1.3174754448498285,0.0,-0.8462558286767131,2,0
-1.1149072616324136,1,35,0,0.24944333718750358,1,0.7668471383524198,0.0,0.7414750531105299,0,0
-0.9163636194603416,1,8,0,-0.2574741958481744,1,-0.6368803156409311,0.0,-1.2533802978817792,0,1
0.11913623811457531,1,22,2,-0.4264467068600671,1,2.255648983496883,0.0,0.45381609636338005,0,2
0.9974940471121525,1,15,2,-0.5954192178719597,0,0.7668471383524198,0.0,-1.2466132443008118,0,2
-0.2916135721158304,1,34,0,0.8126850405604792,2,0.29893798702130275,0.0,-0.5337517504931292,1,0
-0.4019258181604617,1,3,0,-1.4966059432687207,3,1.1922190941079804,0.0,-0.9185397968326522,2,1
-1.1709374182972847,1,37,2,1.9954926176437278,2,-0.8353872283268595,0.0,0.12297407488262686,1,0
-0.9911624985548246,1,5,0,0.587388359211289,0,-1.1615057277394563,0.0,-0.9209146981464289,0,1
-0.8163097682730718,1,34,2,0.9253333812350742,0,0.5399820952827873,0.0,-0.8429289084180853,1,0
-0.39741764463570195,0,36,0,-1.2713092619195305,3,-1.515982357535757,0.0,0.3025016906639366,2,0
1.059182421568304,0,34,0,0.19311916685020603,1,0.15714733510278248,0.0,-0.7942318528768721,0,0
-0.49788551175891915,1,31,1,0.7563608702231815,2,-0.8921034890942676,0.0,-0.7472252742188131,1,0
-0.4224886096458454,1,9,0,0.9253333812350742,0,0.6108774212420475,0.0,1.5292218425153525,1,1
2.1369119046098475,1,16,0,-0.9896884102330427,3,0.015356683184262197,0.0,-1.1955284223249454,2,2
0.05675783709851188,1,25,0,0.47474001853669384,2,-0.7928500327513034,0.0,-0.7690033508383223,0,2
1.7525671107387493,1,16,0,0.3620916778620987,2,2.255648983496883,0.0,0.023169040147969718,0,2
-0.1821753597137546,0,29,2,0.13679499651290847,1,0.2705798566375987,0.0,-1.1449479130874325,0,0
0.7436562766057824,1,20,0,0.08047082617561092,0,-0.1264339687342581,0.0,1.5228201583672738,0,2
0.1640799680501902,0,22,0,0.08047082617561092,1,0.49744489970723116,0.0,-1.0657785322384634,0,2
-0.022825226144695784,1,40,0,0.700036699885884,2,0.8377424643116799,0.0,-0.6514341571975817,1,0
-0.3303010612415747,1,41,2,-1.327633432256828,3,-0.3674780769957426,0.0,-0.911927124702201,2,0
-1.0240077628066457,1,39,2,-1.0460125805703402,1,1.5325166587124293,0.0,-0.4734220526555074,2,0
-0.541357185033388,0,7,1,-1.2713092619195305,3,-1.0622522713964921,0.0,-1.2575022826105664,2,1
-0.9835262046251296,1,14,2,-1.4966059432687207,3,0.38401237817241496,0.0,-0.18834898520450707,2,2
-0.9316822090903927,1,3,1,1.4322509142707522,2,0.1713264002946345,0.0,-0.13196116040340328,1,1
-1.1282937768947103,1,5,1,0.3620916778620987,1,-0.33911994661203854,0.0,-0.541210947577245,0,1
0.886997793984878,1,10,2,1.2632784032588595,2,-0.9771778802453798,0.0,-1.0465683337458767,1,1
0.1897029543082637,1,25,2,-0.31379836618547197,0,0.6108774212420475,0.0,-0.9345954676863545,0,2
1.9660613283755854,1,19,1,-0.7080675585465548,0,-0.1831502295016662,0.0,0.31912342683619904,0,2
0.27407020170019597,1,29,0,1.8828442769691325,2,-0.3674780769957426,0.0,-0.21085008161726776,1,0
-0.14997412025118498,0,4,1,1.6575475956199424,2,-0.1264339687342581,0.0,-0.2550443448517536,1,1
-0.18553348897199395,1,4,0,-0.14482585517357932,0,2.5675884177176274,0.0,1.381537973927219,0,1
-1.0991746560664153,1,9,0,1.6575475956199424,2,0.44072863893982306,0.0,0.4523005851241445,1,1
1.0835633600185353,1,25,2,1.8828442769691325,2,0.5116239648990832,0.0,-0.6873870239986687,1,2
0.4312582520481965,0,33,2,1.6575475956199424,2,0.8377424643116799,0.0,-0.11692183409893374,1,0
-0.176149127757188,1,2,1,-1.214985091582233,3,1.7593817017820617,0.0,-1.1964135426412392,2,1
0.7626090061180376,0,0,1,-1.0460125805703402,3,-0.14061303392611013,0.0,-0.9409894327619075,2,1
1.6415648381342056,1,40,0,0.9253333812350742,2,0.5399820952827873,0.0,-0.46683253774263384,1,0
-0.8396786677687652,1,19,2,1.3759267439334546,0,-0.7077756416001912,0.0,0.23847713011062324,1,2
-0.8695798186982941,1,11,2,0.8126850405604792,1,-1.1756847929313083,0.0,0.21421093911362526,1,1
-1.0554729739386421,1,16,0,0.9816575515723718,2,-1.076431336588344,0.0,-0.8795919298915477,1,2
-1.0951265002482637,1,23,2,0.19311916685020603,1,0.5116239648990832,0.0,-0.3499143192182373,0,2
0.2832705558323587,1,20,0,0.5310641888739914,1,0.07207294395167031,0.0,-0.5395487739600187,0,2
-0.3541299784438763,1,23,2,-0.2574741958481744,0,0.7668471383524198,0.0,1.6911782762037244,0,2
-1.1152752757977002,1,20,0,-0.4264467068600671,1,1.2772934852590927,0.0,-0.606619795136855,0,2
0.5017329647005631,1,32,0,-1.1023367509076378,3,0.8093843339279758,0.0,-1.03434132286498,2,0
0.033250932290836005,1,9,1,1.4885750846080497,2,-1.4592660967683488,0.0,0.48961972776230134,1,1
-0.9272200373362935,1,0,1,-0.5954192178719597,1,0.29893798702130275,0.0,-0.03858611308275307,0,1
-1.0349101824532587,1,40,0,-1.3839576025941256,3,-1.473445161960201,0.0,-1.0536441502278768,2,0
-1.1530427295102281,1,40,1,-1.327633432256828,3,-0.1831502295016662,0.0,-0.9798163675667741,2,0
-0.35868415373929685,1,40,2,-0.5954192178719597,1,-0.29658275103648246,0.0,0.8686467729733884,0,0
-1.013289350242676,1,8,1,0.47474001853669384,0,0.6817727472013075,0.0,1.8592173390424411,0,1
-0.7571514912032654,1,29,1,0.3620916778620987,0,0.7810262035442718,0.0,1.0671041276121802,0,0
-0.5453593390808789,1,11,1,0.7563608702231815,1,-1.0622522713964921,0.0,-0.6334744484541776,1,1
-0.5496375037523346,0,22,1,-1.1586609212449355,3,-0.6794175112164872,0.0,0.6104489430331124,2,2
-0.5671641783741046,1,34,1,-1.327633432256828,3,0.5116239648990832,0.0,-0.8806082744407805,2,0
-1.17406553870222,1,16,1,-0.08850168483628175,0,0.2564007914457467,0.0,2.269527212176495,0,2
-0.00010035143825394472,1,18,1,1.3759267439334546,2,-0.28240368584463044,0.0,0.6119104207646674,1,2
-0.921193805379727,1,4,1,-0.4827708771973646,0,-0.14061303392611013,0.0,1.5515839956226485,0,1
-0.6360288290533428,1,13,0,0.30576750752480114,1,-0.9771778802453798,0.0,0.7418404225434185,0,1
-0.5451293302275748,0,34,2,1.206954232921562,0,0.015356683184262197,0.0,0.7599390745922873,1,0
2.564222352278146,0,1,0,0.5310641888739914,0,-0.9062825542861196,0.0,2.532382215874015,0,1
-0.08460560414216864,1,8,0,1.3759267439334546,0,-0.7077756416001912,0.0,2.15946095703085,1,1
1.971627542625544,1,23,0,-1.327633432256828,3,-1.2465801188905685,0.0,-1.1750445768655986,2,2
2.8625438350135233,1,8,0,0.8690092108977767,1,0.28475892182945073,0.0,-0.035786662780056225,1,1
0.09291522883791153,1,2,1,1.319602573596157,0,-1.473445161960201,0.0,0.9903894118264215,1,1
-1.1390581912293407,1,21,0,1.9391684473064301,2,1.1355028333405723,0.0,-0.26986753712550016,1,2
1.7532111355280005,1,7,2,1.1506300625842643,2,1.2489353548753885,0.0,-0.24304890614663158,1,1
-0.7048014761912592,1,36,1,0.3620916778620987,0,0.851921529503532,0.0,1.6196404850586144,0,0
1.1465397840531892,1,10,1,0.41841584819939626,2,0.90863779027094,0.0,0.06538464779167066,0,1
0.5313121032354664,1,24,0,0.08047082617561092,0,-0.39583620737944664,0.0,-0.968487342123048,0,2
-1.1137112155952325,1,41,1,0.30576750752480114,1,-1.1615057277394563,0.0,-0.6735673111532784,0,0
-1.118771410367922,1,23,1,-0.08850168483628175,1,-0.29658275103648246,0.0,-1.0482485185323298,0,2
-0.8434508129629519,1,15,0,0.6437125295485865,2,-0.25404555546092633,0.0,-0.5815894159598013,1,2
-0.2523740617421563,0,9,2,0.9253333812350742,0,1.0929656377650163,0.0,1.8152340637903275,1,1
-0.4879031275255225,1,19,2,-0.20115002551087688,0,1.2063981592998325,0.0,2.387155585373267,0,2
-1.0702855440914243,1,37,0,0.08047082617561092,0,-1.2324010536987164,0.0,0.7343374840483229,0,0
-0.9511869598505776,1,4,1,0.19311916685020603,1,0.398191443364267,0.0,0.24278437258002986,0,1
2.1334157700396257,0,29,0,-1.2713092619195305,3,-0.3249408814201865,0.0,-1.2109768594732833,2,0
-0.5586538508018541,1,20,2,-1.4402817729314232,3,-0.25404555546092633,0.0,-1.0321645444126992,2,2
-0.6412270291380147,1,28,0,-1.4966059432687207,3,2.5534093525257755,0.0,-1.1228044670350348,2,0
-0.7731601073932284,0,15,2,0.30576750752480114,1,2.383260570223551,0.0,0.03923243007419795,0,2
-1.15258271180362,1,15,0,-1.1023367509076378,3,1.461621332753169,0.0,-0.9783934851978483,2,2
-0.7032834177594524,1,3,0,-0.7080675585465548,1,-1.2182219885068644,0.0,0.36042818392185344,0,1
-0.4582779872199585,1,28,0,1.4322509142707522,2,0.24222172625389465,0.0,-0.2802291054793238,1,0
1.1444237026027915,1,32,0,1.319602573596157,2,0.851921529503532,0.0,-0.6607485047120693,1,0
-1.0364282408850654,1,18,0,0.08047082617561092,0,-0.8212081631350074,0.0,1.523435111145164,0,2
-1.1443023930846736,1,1,0,0.30576750752480114,0,0.6250564864338994,0.0,0.30401462887899705,0,1
0.0910751580114791,0,32,0,0.47474001853669384,2,-0.6794175112164872,0.0,-0.8645654687079544,0,0
-0.5087419296348711,1,22,0,1.319602573596157,2,1.6743073106309494,0.0,0.051853113653910904,1,2
0.5201796747355494,1,11,2,-0.5954192178719597,1,-1.4167289011927928,0.0,-0.019242117333052002,0,1
1.391545214592683,1,2,0,0.8690092108977767,0,-0.33911994661203854,0.0,1.222409293807472,1,1
0.794856247351268,1,19,1,-1.0460125805703402,3,1.404905071985761,0.0,-1.127325270510989,2,2
-1.010299235149723,1,40,1,-0.6517433882092573,0,0.19968453067833855,0.0,0.28924032406458056,0,0
-0.8152517275478731,0,32,2,0.700036699885884,2,-1.3741917056172366,0.0,-0.736886863082567,1,0
-0.5698782828430927,1,5,1,-0.4827708771973646,1,-0.25404555546092633,0.0,1.085712238447753,0,1
-0.24197766157281245,1,7,1,0.587388359211289,2,-1.1615057277394563,0.0,0.425502538338678,0,1
2.275193227216254,1,6,1,1.8828442769691325,2,-1.3032963796579766,0.0,0.010527772374854371,1,1
-1.1754455918220446,1,2,0,0.41841584819939626,1,-1.2465801188905685,0.0,-0.7425526623165177,0,1
0.0037637972972545545,1,20,2,1.2632784032588595,0,-1.2891173144661245,0.0,2.120865594401758,1,2
2.3520621859904733,1,38,0,1.0379817219096692,0,0.5116239648990832,0.0,-0.8469788484699647,1,0
-0.3407434631815795,1,36,2,0.5310641888739914,0,0.05789387875981828,0.0,-1.1761458312126152,0,0
-0.33053107009487886,0,32,2,0.5310641888739914,0,-0.01300144719944186,0.0,1.1033606112659495,0,0
-0.5164242253352271,1,6,1,0.700036699885884,0,-1.2607591840824204,0.0,1.6545023896093856,1,1
-0.8457969032666534,1,13,0,-0.2574741958481744,0,-1.2607591840824204,0.0,1.9632601445937725,0,1
-1.0774158185438505,1,10,1,-0.03217751449898419,0,-0.6510593808327831,0.0,0.6068158328976272,0,1
2.399260002688468,1,2,1,0.9816575515723718,0,-0.3107618162283345,0.0,0.5064035644576057,1,1
2.4551521540413574,1,24,2,-0.933364239895745,3,1.1071447029568684,0.0,-1.0569170369788237,2,2
0.6898802067032911,0,24,1,0.8126850405604792,1,-0.2256874250772223,0.0,-0.20458476775047837,1,2
2.350912141723953,1,13,0,0.6437125295485865,0,-1.3032963796579766,0.0,1.9827430836489381,1,1
-1.1582409295949,0,1,2,-1.327633432256828,3,0.22804266106204263,0.0,-1.1018240279098603,2,1
-0.950818945685291,1,1,2,-1.327633432256828,3,0.38401237817241496,0.0,-1.0936675412742451,2,1
-0.8212779595044397,0,18,1,0.24944333718750358,1,0.38401237817241496,0.0,-0.6746273971134907,0,2
2.0540167138790615,1,42,0,-1.4402817729314232,3,0.9228168554627921,0.0,-0.9921462994146815,2,0
2.8138739616543824,0,36,2,0.24944333718750358,1,0.0011776179924101694,0.0,-0.29909451873242393,0,0
-0.9360983790738306,1,16,1,-1.1586609212449355,3,-0.6935965764083392,0.0,-1.0633007099576757,2,2
-0.3558780457289872,1,15,0,1.8828442769691325,2,0.029535748376114227,0.0,0.570549057147157,1,2
0.5876642722949632,1,13,0,0.7563608702231815,2,-1.515982357535757,0.0,0.7227794594529976,1,1
-0.1322634385467716,1,15,2,1.4885750846080497,2,-0.8212081631350074,0.0,-0.17706884722011104,1,2
-0.9914845109494504,1,16,0,0.19311916685020603,1,-1.3458335752335326,0.0,-0.2957264300869919,0,2
-1.088410241731785,1,26,0,-1.3839576025941256,3,1.7168445062065056,0.0,-0.9186761671139416,2,2
1.048280001921691,1,33,1,1.2632784032588595,0,-0.594343120065375,0.0,0.7587451913749609,1,0
0.20750563955399862,1,7,1,-1.327633432256828,3,2.4399768309909593,0.0,-1.1662808565246194,2,1
-0.2634604884714124,1,11,2,1.4322509142707522,0,-0.4241943377631507,0.0,-0.8838168355873456,1,1
-1.0001328438336834,1,20,2,-0.9896884102330427,1,-0.9771778802453798,0.0,-1.122336176635135,2,2
1.1941056149164706,1,37,0,-0.8770400695584475,1,-1.1615057277394563,0.0,-0.952935984007699,2,0
-0.9864243161767609,1,14,0,0.19311916685020603,1,0.24222172625389465,0.0,-0.0031375590200194417,0,2
-0.740682857306694,1,6,2,-1.327633432256828,3,0.1713264002946345,0.0,-0.8886078066017036,2,1
-0.7508492486227338,1,22,2,1.2632784032588595,2,0.4549077041316751,0.0,0.09786907800448989,1,2
-0.8143776939053177,0,19,2,0.3620916778620987,0,-0.14061303392611013,0.0,2.4970288637057667,0,2
-0.10420235844367524,1,17,2,-1.4402817729314232,3,2.5250512221420713,0.0,-0.993566608759432,2,2
-1.1106750987316187,1,19,1,-1.0460125805703402,1,0.015356683184262197,0.0,0.3905351397967206,2,2
-0.06528486046462693,1,17,0,0.8690092108977767,0,0.398191443364267,0.0,-1.0831747486874828,1,2
-0.6135799649708655,1,17,2,1.9391684473064301,2,1.5466957239042811,0.0,-0.009639591110933947,1,2
-0.5842768370599274,1,19,0,0.41841584819939626,1,0.15714733510278248,0.0,0.5334975090232285,0,2
-0.5429672470065166,1,9,2,-1.327633432256828,3,-0.7077756416001912,0.0,-1.250719790884547,2,1
-0.998476780089894,1,32,2,-1.1023367509076378,3,0.8377424643116799,0.0,-0.992434478122312,2,0
-0.7567834770379788,1,39,2,-1.327633432256828,3,0.412370508556119,0.0,-1.1041783450302347,2,0
0.09815943069324423,1,26,1,0.7563608702231815,1,-0.16897116430981418,0.0,-0.9443652404798654,1,2
-0.6547515497122939,1,32,0,0.3620916778620987,0,0.7526680731605677,0.0,2.1343508141043626,0,0
0.21284184495065286,0,38,1,-0.9896884102330427,1,-1.544340487919461,0.0,-0.5897819249338698,2,0
-1.035830217866475,1,5,0,0.41841584819939626,1,-0.6368803156409311,0.0,0.11643087440490804,0,1
-0.6599037480263051,0,40,2,-0.9896884102330427,1,0.22804266106204263,0.0,-0.0846458188443117,2,0
2.2352176885120065,1,36,2,-0.9896884102330427,1,-1.1756847929313083,0.0,0.7139462674592858,2,0
0.002015730012143654,1,5,0,-1.0460125805703402,3,-0.5518059244898189,0.0,-1.0202231392152583,2,1
0.5626853108261413,1,13,0,0.8690092108977767,0,1.7026654410146536,0.0,0.651897789472582,1,1
1.4516695288463661,1,42,2,0.41841584819939626,2,0.0011776179924101694,0.0,-0.27465078906733226,0,0
-1.0582790819489518,0,2,2,1.826520106631835,2,0.6250564864338994,0.0,0.5151981610886882,1,1
1.2753907436741283,1,23,2,0.19311916685020603,1,-0.05553864277499795,0.0,-0.36962111137665177,0,2
0.792418153506245,1,33,1,0.587388359211289,2,-0.6652384460246351,0.0,-0.41688499245223803,0,0
0.4823662192523606,1,33,0,1.0943058922469668,2,0.6817727472013075,0.0,0.5064421598202347,1,0
2.6723725151017192,1,31,1,-1.1023367509076378,3,1.3765469416020568,0.0,0.2365164856890654,2,0
-0.639938979559512,0,1,2,-0.7643917288838524,0,-0.6510593808327831,0.0,2.213116230157814,2,1
-0.5570437888287255,1,1,0,0.19311916685020603,0,0.1713264002946345,0.0,1.1107889320599622,0,1
-0.32781696562589085,1,0,1,0.47474001853669384,2,-1.3600126404253847,0.0,0.2630083425976743,0,1
-0.6570056364746737,1,8,2,-0.3701225365227695,1,2.1847536575376227,0.0,0.1255007846227447,0,1
0.453569110818691,1,13,2,1.3759267439334546,0,-0.3249408814201865,0.0,0.4166976496108944,1,1
-0.14785803880078752,1,14,1,0.47474001853669384,0,-1.1615057277394563,0.0,0.8510061192277182,0,2
2.211480774851027,1,42,0,0.8690092108977767,2,-0.3816571421875946,0.0,-0.11559672664866834,1,0
-0.1524582158668689,1,13,0,-0.9896884102330427,3,-0.3249408814201865,0.0,-0.8643390425805303,2,1
1.3841849312869527,1,38,0,1.3759267439334546,0,-0.9346406846698236,0.0,0.036965595775782505,1,0
-1.05308088186428,1,4,0,0.9816575515723718,2,0.6392355516257515,0.0,0.22051484834304363,1,1
0.2471591658636198,1,11,1,-0.4827708771973646,0,0.6675936820094556,0.0,1.2528172935108461,0,1
-0.8095475079859321,1,18,2,0.41841584819939626,0,-0.04135957758314592,0.0,1.175724343171322,0,2
-1.059245119132829,0,11,1,1.206954232921562,0,-0.05553864277499795,0.0,0.038478533990842945,1,1
2.7084839050704583,0,28,1,1.6012234252826447,2,0.90863779027094,0.0,-0.8724620799018666,1,0
-0.9045411644005125,1,14,0,-0.9896884102330427,3,-0.8921034890942676,0.0,-1.1044768158345664,2,2
2.31116661187301,1,35,0,0.8690092108977767,1,-0.06971770796684996,0.0,0.5501166721713155,1,0
0.20768964663664172,1,5,0,-1.2713092619195305,3,2.340723374647995,0.0,-1.0397961341165585,2,1
-0.636212836135986,0,19,1,-0.7080675585465548,0,-1.2465801188905685,0.0,2.178624841088282,0,2
1.046807945260545,1,27,0,1.4322509142707522,2,-0.05553864277499795,0.0,-0.5031430549040837,1,2
-0.8162177647317501,1,23,0,-0.3701225365227695,0,0.3698333129805629,0.0,1.240914483676034,0,2
-1.0108052546269921,1,24,0,1.71387176595724,2,2.014604875235398,0.0,0.732868287244242,1,2
-0.7751841853023043,1,7,1,0.24944333718750358,1,-0.7928500327513034,0.0,-0.3448403155445994,0,1
2.0653791512322823,1,42,2,0.8126850405604792,0,0.07207294395167031,0.0,-0.02321743968384845,1,0
-0.6415950433033013,1,8,2,1.4885750846080497,2,1.5183375935205772,0.0,-0.054842479822126526,1,1
-0.689804898955834,1,20,1,0.700036699885884,2,-0.45255246814685474,0.0,-0.9733940992252932,1,2
1.509079738631062,1,19,0,-1.214985091582233,3,-1.1047894669720482,0.0,-0.15907311613825287,2,2
1.5117018395587285,0,6,1,0.587388359211289,2,0.029535748376114227,0.0,0.3673238887115846,0,1
-0.8149297151532474,1,7,1,0.6437125295485865,2,0.29893798702130275,0.0,-0.8950043447014318,1,1
-0.38288108510688484,0,1,2,-1.3839576025941256,3,2.3974396354154033,0.0,-0.9270899561670837,2,1
0.7656911247523123,1,20,1,-0.933364239895745,3,1.0504284421894603,0.0,-0.814149633017659,2,2
-0.5563077604981526,1,38,0,0.700036699885884,2,-0.3816571421875946,0.0,0.0572178690593548,1,0
1.5112418218521202,1,30,0,-1.0460125805703402,3,0.029535748376114227,0.0,-1.1694405302118545,2,0
0.24186896223762633,1,20,2,-1.1023367509076378,3,0.6817727472013075,0.0,-0.8135372532639441,2,2
0.18202065860790773,1,4,1,-0.4827708771973646,0,-0.027180512391293887,0.0,-1.0402284021780044,0,1
-0.8230720285602113,1,42,1,0.7563608702231815,2,2.1138583315783626,0.0,-0.8086562264034515,1,0
-0.7537933619450259,0,39,2,-0.2574741958481744,1,-0.6935965764083392,0.0,0.3092764633174299,0,0
-0.7296884341187595,0,20,2,-0.20115002551087688,1,0.2564007914457467,0.0,-0.2521110972919424,0,2
0.16246990607706188,1,8,0,-1.327633432256828,3,-0.41001527257129866,0.0,-0.9372070872242564,2,1
-0.9172836548735578,1,0,0,-1.2713092619195305,3,0.22804266106204263,0.0,-0.8994273732587258,2,1
0.8300476019067907,1,39,2,-0.9896884102330427,3,-0.3816571421875946,0.0,-0.9873012948926427,2,0
0.014390206319902534,1,2,2,1.5448992549453473,2,2.454155896182811,0.0,0.5730526096696973,1,1
2.1616148554547046,1,29,2,0.700036699885884,2,0.398191443364267,0.0,-0.757260068502377,1,0
1.4367189533816018,1,15,0,1.5448992549453473,2,-0.25404555546092633,0.0,-0.5540786414777843,1,2
-1.1141712333018405,0,28,1,1.6575475956199424,2,2.425797765799107,0.0,0.07881326096241958,1,0
-0.8971808810947823,1,33,0,-0.9896884102330427,1,0.14296826991093045,0.0,0.6288332007654365,2,0
-1.0521608464510637,1,27,2,0.5310641888739914,1,-1.3600126404253847,0.0,0.6188267097478007,0,2
-1.1615990588531395,1,38,0,-0.8770400695584475,0,-1.2324010536987164,0.0,1.3927666514281094,2,0
0.8043786138780566,0,2,1,1.6012234252826447,2,0.14296826991093045,0.0,0.3634463412794483,1,1
-0.3579481254087237,1,15,1,0.587388359211289,1,-0.7361337719838953,0.0,0.6368095757087823,0,2
-0.03496969359915068,1,10,0,-1.4966059432687207,3,-0.8921034890942676,0.0,-1.1699525620227336,2,1
-0.8289602552047955,1,37,0,-1.214985091582233,3,-0.28240368584463044,0.0,-1.0346655239110645,2,0
0.4181017456392037,1,16,0,1.3759267439334546,0,1.858635158125026,0.0,0.5609439579008636,1,2
0.320255979443653,1,42,0,-1.4402817729314232,3,2.2414699183050306,0.0,-1.1092574947522231,2,0
-0.03128955194628553,1,27,1,1.7701959362945374,2,1.8019188973576177,0.0,-0.16686166031680377,1,2
-1.0991286542957546,1,0,0,0.6437125295485865,0,-1.2182219885068644,0.0,1.431997551028494,1,1
-0.26842867970278034,0,2,1,-1.0460125805703402,3,-1.1189685321639002,0.0,-1.245993145474571,2,1
1.5144619457983775,1,33,1,-1.214985091582233,3,-0.9062825542861196,0.0,-0.8656770151516723,2,0
0.8202492247560373,0,41,2,-0.9896884102330427,3,0.07207294395167031,0.0,-0.9765460538400024,2,0
1.170000687090204,0,26,2,-0.9896884102330427,3,2.4825140265665153,0.0,0.18912395340471536,2,2
0.34785704184014127,1,10,0,1.6575475956199424,2,-1.515982357535757,0.0,0.6451950614959964,1,1
-0.2613904087916758,1,32,2,0.6437125295485865,1,2.1138583315783626,0.0,1.1605049051745833,1,0
-0.19961003079420298,1,1,2,0.8126850405604792,1,0.8377424643116799,0.0,-0.23493101487364604,1,1
0.06531416644142331,1,30,2,-1.214985091582233,3,0.28475892182945073,0.0,-0.9841853626163873,2,0
0.23004650717779723,1,7,0,-1.0460125805703402,1,0.015356683184262197,0.0,1.1620332815346954,2,1
1.778696116474091,0,11,0,-0.3701225365227695,0,-0.4809105985305588,0.0,1.7743409905727168,0,1
-0.7262843030898591,1,24,1,0.13679499651290847,1,-1.515982357535757,0.0,1.1438291354946404,0,2
2.910293672959448,1,41,2,-0.4827708771973646,1,0.7101308775850117,0.0,-0.06859014799060922,0,0
1.2949414962049741,1,18,2,-0.9896884102330427,3,0.21386359587019058,0.0,-1.2351529946241466,2,2
-0.0698390357600474,1,23,0,-1.1023367509076378,3,0.6108774212420475,0.0,-0.9386196774964812,2,2
-0.5788026263512905,1,1,0,1.0943058922469668,0,-0.35329901180389056,0.0,1.5724177723698327,1,1
2.5021659636567084,0,36,1,-1.3839576025941256,3,-0.49508966372241087,0.0,-1.132144544791275,2,0
-1.138782180605376,1,9,2,0.700036699885884,0,0.6534146168176035,0.0,2.169109797688123,1,1
-1.0481126906329121,1,11,0,-1.3839576025941256,3,0.6250564864338994,0.0,-1.1400926164686926,2,1
0.8047926298140039,0,1,2,-1.214985091582233,3,-0.28240368584463044,0.0,-1.2223727835455667,2,1
2.893365021356269,0,33,0,0.13679499651290847,1,-0.8495662935187115,0.0,0.6871790969639229,0,0
-0.26281646368216105,1,40,0,-0.8770400695584475,1,-0.9204616194779717,0.0,1.2197539328585905,2,0
-0.9849062577449541,1,33,0,-0.03217751449898419,0,0.7384890079687157,0.0,-1.2414028703458841,0,0
-0.41540433696408013,1,16,0,-0.82071589922115,1,0.7526680731605677,0.0,0.07827807193396286,2,2
0.4662655995210758,1,24,0,0.47474001853669384,2,-1.3316545100416806,0.0,0.6602498259455176,0,2
1.5272964398127442,1,9,2,-0.933364239895745,3,2.340723374647995,0.0,-0.8149730007537462,2,1
-0.8443248466055073,1,15,2,1.319602573596157,0,0.1146101395272264,0.0,0.4678184939252147,1,2
-0.43242499210858115,1,40,2,-0.4827708771973646,1,0.398191443364267,0.0,0.626167547719854,0,0
1.5109658112281557,0,26,2,-0.08850168483628175,0,-0.14061303392611013,0.0,1.795365171108871,0,2
-1.0038129854865485,0,28,2,1.5448992549453473,2,0.14296826991093045,0.0,-0.9437811639920783,1,0
1.017458815578946,0,37,0,-1.214985091582233,3,-0.9488197498616757,0.0,-0.8992266773730544,2,0
1.7628255055961106,1,30,1,0.8690092108977767,0,-1.076431336588344,0.0,1.706691038956444,1,0
-0.9114414299996345,1,31,2,-0.933364239895745,3,-1.2040429233150123,0.0,1.053989423390815,2,0
2.3913936999054695,0,33,2,1.8828442769691325,2,-0.28240368584463044,0.0,-0.05083885420540216,1,0
-0.3116703441239451,1,4,2,1.2632784032588595,2,-1.3174754448498285,0.0,0.5336750476913222,1,1
1.9275118445618236,0,17,2,0.6437125295485865,2,-1.2465801188905685,0.0,-0.09997332385641176,1,2
-0.7431209511517172,0,8,1,1.2632784032588595,2,-0.8921034890942676,0.0,-0.984370620357007,1,1
0.7765935443989251,0,14,2,0.8126850405604792,1,0.22804266106204263,0.0,0.17936447270790573,1,2
-0.9480128376749815,1,28,1,0.8690092108977767,1,-0.7644919023675993,0.0,0.16355323915085437,1,0
-0.8541692255269214,1,12,2,-1.1023367509076378,3,-0.19732929469351823,0.0,-0.9301595740081842,2,1
0.02487861003056794,1,6,2,-0.933364239895745,3,-1.033894141012788,0.0,-1.0983581643457676,2,1
-0.3364652985101238,1,25,0,-0.9896884102330427,3,-0.7928500327513034,0.0,-1.0469722985413943,2,2
-0.4577259659720287,1,5,0,0.3620916778620987,0,-0.23986649026907433,0.0,2.4083238552632364,0,1
-0.6242063739935135,1,7,0,-0.14482585517357932,0,1.6175910498635413,0.0,0.07232409399238149,0,1
0.24039690557648033,0,34,1,0.8126850405604792,1,-0.25404555546092633,0.0,1.043265058628278,1,0
1.1521059983031474,1,25,0,0.8126850405604792,1,-1.1047894669720482,0.0,-0.6011160964259465,1,2
0.331342406172909,1,27,0,-0.20115002551087688,1,-0.15479209911796216,0.0,-0.661170480676814,0,2
2.483811257163044,1,2,1,1.2632784032588595,2,-0.7786709675594513,0.0,-0.9249157507389782,1,1
-0.8459349085786357,1,4,2,-0.8770400695584475,0,-0.6652384460246351,0.0,-0.9746342968777747,2,1
0.106899767118799,1,13,0,-1.1023367509076378,3,0.1713264002946345,0.0,-0.8188788514518104,2,1
0.2200641229444006,1,16,2,-1.1023367509076378,3,-0.23986649026907433,0.0,-1.2015544449434343,2,2
0.4371004769221198,1,27,1,1.0943058922469668,2,-1.3883707708090887,0.0,0.6466462471308503,1,2
-0.7833725004799291,1,9,1,-0.7643917288838524,0,-1.3600126404253847,0.0,-1.093765316192906,2,1
1.6014972958886369,1,32,0,-0.933364239895745,3,-0.5518059244898189,0.0,-1.128022560062488,2,0
0.010756066437698155,1,5,0,-0.9896884102330427,3,0.05789387875981828,0.0,-0.961046156208159,2,1
-1.1265917113802604,0,2,1,1.71387176595724,2,-0.7786709675594513,0.0,0.5570278151060982,1,1
-0.8860024508242046,1,35,0,1.3759267439334546,2,-0.26822462065277836,0.0,-0.02912510319027483,1,0
0.8761873778795867,0,24,1,0.587388359211289,2,0.34147518259685883,0.0,-0.8928275662491509,0,2
-0.8870144897787424,1,9,0,-1.0460125805703402,1,0.24222172625389465,0.0,-0.17796940568145653,2,1
-0.8061893787276927,1,5,2,0.19311916685020603,1,-0.1264339687342581,0.0,-0.7827355808617532,0,1
-0.3928634693402814,1,42,1,1.0943058922469668,0,-0.7077756416001912,0.0,2.1308334900567645,1,0
-0.9561551510819455,1,2,1,-1.2713092619195305,3,-0.7077756416001912,0.0,-0.4451908314044142,2,1
0.3158858112308755,1,17,1,0.8690092108977767,0,-0.1831502295016662,0.0,2.1686234961189967,1,2
2.2199451006526165,1,30,1,-0.20115002551087688,0,0.7668471383524198,0.0,2.2546705705884698,0,0
-0.34962180491911643,0,28,2,-0.6517433882092573,1,-0.9062825542861196,0.0,1.2380815840590587,0,0
-0.14380988298263594,1,4,0,-0.933364239895745,3,-1.1898638581231602,0.0,-0.9123285164735436,2,1
2.134933828471433,1,40,1,0.5310641888739914,2,-1.0622522713964921,0.0,-0.5125243010471284,0,0
0.16145786712252386,1,24,0,0.700036699885884,2,0.22804266106204263,0.0,0.527232195156439,1,2
-0.7273883455857187,1,23,2,-0.933364239895745,3,0.412370508556119,0.0,-1.1611528193433007,2,2
-0.7170839489576964,0,25,1,-1.4966059432687207,3,-0.21150835988537026,0.0,0.2718029392287568,2,2
-0.9681616132244178,1,8,1,0.6437125295485865,1,2.0571420708109542,0.0,0.15561545957013764,1,1
0.008501979675318242,1,35,2,-0.31379836618547197,0,1.504158528328725,0.0,1.149873169282356,0,0
0.1432871677115025,1,12,2,-1.2713092619195305,3,1.9295304840842862,0.0,-1.2622752424556976,2,1
1.1267590226690392,0,35,2,-1.0460125805703402,1,0.38401237817241496,0.0,0.8816791404211451,2,0
-1.059245119132829,1,23,0,-0.9896884102330427,3,-1.2324010536987164,0.0,-0.9411438142124238,2,2
0.8299095965948081,1,17,0,-1.3839576025941256,3,0.8093843339279758,0.0,-1.0981060079765907,2,2
-0.6118778994564156,0,3,2,-0.7643917288838524,0,-1.544340487919461,0.0,0.4525192921790426,2,1
-0.5374930362978797,1,32,1,-1.214985091582233,3,-1.2465801188905685,0.0,-0.9065366390550045,2,0
-0.9437806747741866,1,40,2,-1.4966059432687207,3,-0.5092687289142628,0.0,-1.12257289485926,2,0
-0.436933165633341,0,7,2,-1.1586609212449355,3,-0.25404555546092633,0.0,-0.3069911299263362,2,1
-1.1677632961216886,1,3,2,1.0379817219096692,2,-1.2324010536987164,0.0,-0.05194782762494462,1,1
-1.0752537353227922,1,41,0,1.0943058922469668,0,-0.23986649026907433,0.0,0.6660391303398815,1,0
-0.5958692832664525,1,2,1,0.700036699885884,2,-1.133147597355752,0.0,0.2592388621808995,1,1
-0.9649414892781609,1,11,2,0.587388359211289,0,-0.7219547067920432,0.0,-0.9084200927513042,0,1
-0.057786571846914186,1,37,1,0.700036699885884,0,-1.0055360106290838,0.0,2.222927171338129,1,0
-0.11432274798905434,0,28,1,0.8690092108977767,2,-0.3249408814201865,0.0,0.17940306807053474,1,0
2.329429314825353,1,20,0,1.0943058922469668,0,1.7735607669739137,0.0,-1.2572707104347918,1,2
-1.0227657149988036,1,20,1,0.700036699885884,1,-1.1473266625476042,0.0,-0.5187870418897425,1,2
-1.105936916353555,1,33,1,-1.1023367509076378,3,-0.9488197498616757,0.0,-0.8003273471480934,2,0
-0.7123457665796328,0,40,2,0.08047082617561092,1,1.1355028333405723,0.0,-0.5251501306751921,0,0
0.24407704722934548,1,14,1,-0.9896884102330427,1,-1.090610401780196,0.0,0.8930982217110057,2,2
0.005695871665008804,0,13,2,0.8126850405604792,2,2.4683349613746635,0.0,0.7351865820261629,1,1
-0.8020492193682195,0,34,1,-1.214985091582233,3,0.5258030300909353,0.0,-1.2365938881622995,2,0
1.014928718192601,1,36,2,-1.214985091582233,3,0.9653540510383481,0.0,-1.0135075461177963,2,0
0.29325294006575536,1,12,1,-1.214985091582233,3,0.15714733510278248,0.0,-0.26166988210308095,2,1
0.35434329150331584,1,30,0,1.319602573596157,0,-1.1898638581231602,0.0,1.4242038608015928,1,0
-1.1319279167769147,1,14,0,0.13679499651290847,1,1.1071447029568684,0.0,0.6967404547992365,0,2
0.7368940163186429,1,28,2,-0.6517433882092573,1,-0.6510593808327831,0.0,-1.0730782018237124,0,0
-0.7241222198688011,1,23,1,1.71387176595724,2,-0.6510593808327831,0.0,0.14855765425736425,1,2
-1.0958625285788368,0,25,0,0.7563608702231815,2,-1.0055360106290838,0.0,0.23862121946443862,1,2
-0.18967364833146722,1,5,2,0.08047082617561092,1,-0.06971770796684996,0.0,-0.29249213869867396,0,1
-0.1738490392241473,0,22,1,0.9816575515723718,0,-0.23986649026907433,0.0,2.2581904676602433,1,2
0.39339879479434675,1,2,0,-0.08850168483628175,1,-0.4241943377631507,0.0,-0.24030348935161547,0,1
2.00364477500547,1,4,2,-1.4402817729314232,3,-0.8212081631350074,0.0,-1.0314749739337263,2,1
-0.9473228111150692,1,38,1,-0.7080675585465548,0,-0.9629988150535277,0.0,1.2095287347860564,0,0
0.846746244656666,1,7,1,1.8828442769691325,2,-1.3600126404253847,0.0,0.0076639964677757055,1,1
0.19628120751275982,1,8,1,-0.31379836618547197,1,-0.9488197498616757,0.0,-0.9551513578226091,0,1
-1.1702013899667119,1,39,0,1.206954232921562,0,0.7243099427768637,0.0,1.67906447838654,1,0
-0.3814090284457388,1,30,0,-0.7643917288838524,1,0.5966983560501954,0.0,1.0251355302893057,2,0
0.8390639489563101,1,35,1,-1.2713092619195305,3,-0.6510593808327831,0.0,-0.8411895440756009,2,0
1.2110342665196498,0,42,2,1.4885750846080497,2,-1.1189685321639002,0.0,-0.24035237681094576,1,0
2.218749054615435,1,6,2,0.30576750752480114,0,0.07207294395167031,0.0,2.38233116504463,0,1
-0.4840389787900143,1,22,2,1.0943058922469668,2,-1.1473266625476042,0.0,-0.7556750856104091,1,2
-0.8307543242605673,1,5,1,0.3620916778620987,1,0.412370508556119,0.0,0.8409275835331746,0,1
0.8655609688569388,1,21,2,-0.9896884102330427,1,-1.4450870315764968,0.0,0.08520465301379729,2,2
-1.1549748038779823,1,16,2,0.41841584819939626,0,2.2272908531131788,0.0,1.5876680866566744,0,2
-0.7301944535960284,0,25,2,0.19311916685020603,0,0.1146101395272264,0.0,1.897310961957355,0,2
0.0027057565720557553,1,36,1,-1.0460125805703402,1,-0.6794175112164872,0.0,-0.6592638697629369,2,0
2.2011763782230047,0,4,1,0.19311916685020603,1,2.425797765799107,0.0,0.29553136817312253,0,1
-0.7916068174282148,1,22,1,-0.31379836618547197,0,0.3272961174050068,0.0,2.1851680415660004,0,2
-0.2478198864467357,0,41,0,0.19311916685020603,1,-0.7077756416001912,0.0,0.6055987924627232,0,0
-0.46632829708560086,1,23,1,-1.1023367509076378,3,-0.9346406846698236,0.0,-0.9453661468840465,2,2
1.0358135220726103,1,1,1,0.7563608702231815,2,2.2414699183050306,0.0,0.2699323506533334,1,1
-0.38384712229076196,1,24,2,-1.3839576025941256,3,1.3198306808346487,0.0,-1.2034250335188577,2,2
0.08845305708381249,0,30,1,0.47474001853669384,2,1.6884863758228015,0.0,0.3138487272768898,0,0
-0.22615305246549253,1,8,2,0.8690092108977767,1,0.19968453067833855,0.0,0.7717749857985422,1,1
-0.5499135143762995,1,6,1,-0.7643917288838524,1,-1.487624227152053,0.0,0.2922121669870207,2,1
-1.0583250837196128,1,41,0,-0.7080675585465548,0,-1.2182219885068644,0.0,0.6124507558414746,0,0
0.29044683205544564,0,41,1,-0.8770400695584475,1,-0.7077756416001912,0.0,-0.7017033305098865,2,0
-0.3401454401629889,1,18,1,0.3620916778620987,2,0.2564007914457467,0.0,-0.5254537475278743,0,2
2.1172691485376802,1,1,0,-0.03217751449898419,0,1.7310235713983575,0.0,0.487316871125432,0,1
-0.15365426190405002,0,14,0,1.1506300625842643,0,0.44072863893982306,0.0,0.5858662700625559,1,2
-0.8123536159962418,1,37,0,1.319602573596157,2,0.6817727472013075,0.0,-0.02139316554357999,1,0
1.5450991250584791,1,40,0,0.41841584819939626,0,0.29893798702130275,0.0,1.2153926568815028,0,0
-0.2584002936987229,0,35,1,0.41841584819939626,2,-0.15479209911796216,0.0,-0.1810107202566289,0,0
0.18924293660165545,0,18,1,1.6012234252826447,2,-0.5518059244898189,0.0,0.43090074305840054,1,2
0.4025991489265095,1,26,2,1.0379817219096692,2,-0.3107618162283345,0.0,0.3583517534124083,1,2
-1.1033148154258885,0,4,2,-1.1023367509076378,3,0.22804266106204263,0.0,-1.0955741521881226,2,1
-0.4336210381457624,1,25,1,-0.20115002551087688,1,0.4549077041316751,0.0,0.8962347381806633,0,2
-1.0131513449306937,1,15,2,-1.2713092619195305,3,1.6317701150553934,0.0,-0.9006675709112073,2,2
0.4533391019653871,1,4,0,1.6575475956199424,2,1.0220703118057561,0.0,-0.31414156410941935,1,1
-1.0026169394493674,1,10,0,-0.2574741958481744,0,-0.027180512391293887,0.0,1.038530694145776,0,1
-0.9331082639808778,1,36,1,0.24944333718750358,1,-0.9062825542861196,0.0,-0.7374194790868486,0,0
-1.1181273855786704,1,35,0,-1.214985091582233,3,-0.7928500327513034,0.0,-1.2557526261713807,2,0
-0.3068861599752205,1,5,0,-1.327633432256828,3,-0.8353872283268595,0.0,0.8654716611411017,2,1
-0.004792532045656861,1,3,0,1.9954926176437278,2,-1.3032963796579766,0.0,0.3080336926407731,1,1
-0.11892292505513571,0,22,1,0.3620916778620987,1,-0.8921034890942676,0.0,1.139570780484564,0,2
-0.08566364486736731,1,40,0,0.9253333812350742,0,0.4690867693235271,0.0,1.7243548499196921,1,0
1.1794770518463316,1,14,0,0.41841584819939626,0,-1.3174754448498285,0.0,0.007180267922824389,0,2
-0.48298093806481546,1,3,0,0.5310641888739914,1,-0.9346406846698236,0.0,0.8394815439466711,0,1
-0.7882486881699754,0,32,0,-1.1023367509076378,3,0.5399820952827873,0.0,-0.9762192797697428,2,0
0.8653309600036349,1,38,2,0.700036699885884,2,-0.8212081631350074,0.0,0.24945107821816168,1,0
-0.9217918283983176,0,18,1,-1.1586609212449355,3,-0.45255246814685474,0.0,0.502662387306759,2,2
-0.9267140178590247,0,8,0,-0.20115002551087688,1,2.213111787921327,0.0,0.7291476942867978,0,1
0.6319639774413268,1,5,2,-1.0460125805703402,3,-0.41001527257129866,0.0,-0.85537462635388,2,1
-0.9081753042827168,1,24,2,-0.82071589922115,1,-1.3174754448498285,0.0,-0.13314732454820422,2,2
1.1924035494020206,1,8,0,-0.9896884102330427,1,-0.8921034890942676,0.0,1.0745504595754198,2,1
0.3486390719413749,1,9,0,0.8126850405604792,0,-0.19732929469351823,0.0,1.198001586480834,1,1
-0.36075423341903345,1,25,2,-1.4402817729314232,3,0.7668471383524198,0.0,-1.2788480911686295,2,2
-0.075129239386041,1,1,2,-0.6517433882092573,1,-1.2465801188905685,0.0,0.6983897632955864,0,1
-0.4049159332534146,1,31,0,1.0943058922469668,2,1.7168445062065056,0.0,0.6148385222761279,1,0
1.0047163251059001,1,4,2,0.08047082617561092,1,2.340723374647995,0.0,0.8751050636533233,0,1
0.898590240191403,1,6,2,-0.8770400695584475,1,-0.2256874250772223,0.0,1.0037922947554176,2,1
-0.0575565629936102,1,29,1,-0.31379836618547197,1,-1.076431336588344,0.0,-0.13294148261418234,0,0
0.8221352973531306,1,37,2,0.587388359211289,1,-0.580164054873523,0.0,-0.7693455630536336,0,0
-0.591499115053675,1,24,0,-1.3839576025941256,3,0.7243099427768637,0.0,-1.0412498927755878,2,2
-1.07286164324843,0,23,2,0.13679499651290847,0,-0.3674780769957426,0.0,1.4005191732682067,0,2
1.3317889145042858,1,24,1,-0.9896884102330427,1,-1.1047894669720482,0.0,-0.06006571889793038,2,2
-1.0817399849859668,1,26,2,0.587388359211289,1,-1.1615057277394563,0.0,1.1532206737343862,0,2
0.7690032522398906,0,18,1,0.30576750752480114,0,-0.5376268592979668,0.0,0.09261496263858279,0,2
-0.6541995284643641,1,1,0,-1.4402817729314232,3,-0.9488197498616757,0.0,-0.8956836230837038,2,1
0.09024712613958441,0,42,2,1.5448992549453473,2,-0.7361337719838953,0.0,0.2721219942264906,1,0
1.537922848835392,1,42,1,-0.9896884102330427,3,-1.3600126404253847,0.0,-1.0912849208879427,2,0
-0.4781507521454301,1,38,0,-0.14482585517357932,0,0.8093843339279758,0.0,1.0416466264220314,0,0
0.6413023368854718,0,12,1,-0.08850168483628175,0,-0.01300144719944186,0.0,0.34286472090144116,0,1
1.6505351834130642,1,4,2,-1.0460125805703402,3,0.29893798702130275,0.0,-1.255338369279162,2,1
-0.22330094268452205,0,19,2,-1.4402817729314232,3,-1.2607591840824204,0.0,-1.2516306414425937,2,2
-0.16487869394528853,1,39,0,0.700036699885884,2,0.4690867693235271,0.0,-0.8491916492606993,1,0
0.11550209823237119,1,30,0,-0.5954192178719597,1,0.3272961174050068,0.0,-0.16878370937573264,0,0
-0.9129134866607805,0,34,1,0.7563608702231815,1,-0.3107618162283345,0.0,-0.3737045007428097,1,0
-1.0390963435833926,0,39,1,-0.7080675585465548,0,-0.580164054873523,0.0,1.6437497215809207,0,0
0.7733274186820074,1,28,2,-1.2713092619195305,3,-0.04135957758314592,0.0,0.10243104986724871,2,0
-0.12862929866456735,1,29,0,1.2632784032588595,0,-0.04135957758314592,0.0,1.159141202361689,1,0
-0.870315847028867,1,39,2,1.0379817219096692,0,-1.0055360106290838,0.0,2.3972830085271406,1,0
0.13123470379836927,1,1,2,0.47474001853669384,0,-0.05553864277499795,0.0,1.1952072822264879,0,1
-0.6333147245843548,1,29,2,-0.6517433882092573,0,2.5108721569502195,0.0,-1.117751047554799,0,0
-0.16115255052176264,1,21,0,-0.9896884102330427,3,2.2272908531131788,0.0,-1.0055440362953267,2,2
-0.01863906501456175,0,39,0,-1.0460125805703402,3,0.7526680731605677,0.0,-0.9028366302909622,2,0
-0.9085893202186641,0,25,2,1.4885750846080497,2,-0.05553864277499795,0.0,-0.8500381742143641,1,2
-0.28374726933283123,1,22,2,-0.7080675585465548,0,0.6534146168176035,0.0,2.4188295129708752,0,2
0.8150050229007044,1,30,1,-0.3701225365227695,0,1.5892329194798374,0.0,0.32802609048264286,0,0
-0.35928217675788743,1,28,0,0.8126850405604792,2,-0.8495662935187115,0.0,-1.0179717430618944,1,0
-0.08906777589626756,1,40,2,0.24944333718750358,0,-0.05553864277499795,0.0,2.2971820760123274,0,0
0.4198498129243146,0,6,2,-1.1023367509076378,3,2.170574592345771,0.0,-0.9503243644697972,2,1
1.2021099230114518,1,29,0,-0.7643917288838524,0,-1.3458335752335326,0.0,1.5984542039994178,2,0
-1.012553321912103,1,40,1,0.41841584819939626,0,-0.608522185257227,0.0,-1.2608832363768747,0,0
-0.9652635016727865,1,37,0,-0.14482585517357932,1,-1.2040429233150123,0.0,-0.16089996330269665,0,0
-0.22491100465765052,1,24,0,0.47474001853669384,0,-1.515982357535757,0.0,-0.8759999881428667,0,2
-0.26065438046110284,1,16,0,-0.08850168483628175,1,2.3549024398398473,0.0,0.6383662553348224,0,2
0.23703877631824086,0,26,2,0.9816575515723718,2,-0.41001527257129866,0.0,-0.6319100497556115,1,2
-1.0870301886119604,1,22,0,-0.9896884102330427,3,0.35565424778871085,0.0,-1.1960044317973708,2,2
-0.09104585203468259,1,34,0,1.9391684473064301,2,-0.09807583835055403,0.0,-0.41288908590803935,1,0
-1.1778376838964069,1,4,0,-0.31379836618547197,1,0.24222172625389465,0.0,0.531361898957752,0,1
-1.1136192120539108,1,31,0,-1.214985091582233,3,-0.5376268592979668,0.0,-0.8995148560806849,2,0
-0.11045859925354597,0,1,1,-0.6517433882092573,1,0.48326583451537913,0.0,-0.23342579573111136,0,1
0.2813844832352652,1,24,2,-0.03217751449898419,1,-0.21150835988537026,0.0,0.294412102656879,0,2
-0.8358145190332567,1,16,0,-0.08850168483628175,1,2.326544309456143,0.0,-0.42303194720696474,0,2
-0.8802522294916029,0,2,2,-0.8770400695584475,0,-0.7361337719838953,0.0,1.3229810897463605,2,1
-1.1772396608778162,1,18,1,-0.5954192178719597,1,0.7526680731605677,0.0,0.9203130984128663,0,2
0.4957527345146573,1,13,0,1.0379817219096692,0,-0.8212081631350074,0.0,0.7988071777839585,1,1
-0.15503431502387446,1,11,2,-0.31379836618547197,0,-0.4383734029550027,0.0,2.4116765057636167,0,1
1.7567072700982223,1,31,1,0.19311916685020603,1,-0.7786709675594513,0.0,0.1549799225988452,0,0
-0.06970103044806496,1,29,0,-0.7643917288838524,1,-0.15479209911796216,0.0,-0.9964278116423355,2,0
-0.39194343392706515,1,27,2,0.3620916778620987,2,-1.090610401780196,0.0,0.2658052198761958,0,2
-1.0061130740195892,0,38,2,-0.9896884102330427,3,-0.14061303392611013,0.0,-1.2046060516153079,2,0
-1.0607631775646358,1,22,2,1.319602573596157,2,-1.4309079663846447,0.0,-0.1960423274885727,1,2
2.453910106233515,1,17,0,-0.2574741958481744,0,-0.35329901180389056,0.0,2.2783192357834023,0,2
2.532895146458132,1,39,2,-1.1023367509076378,3,-1.530161422727609,0.0,-1.2842617340334037,2,0
0.4988808549195926,1,5,2,-1.1023367509076378,3,-0.9346406846698236,0.0,-1.0158875934799236,2,1
1.0785491670165064,1,18,0,-1.0460125805703402,1,-0.06971770796684996,0.0,0.9290716727054952,2,2
0.25263337657225665,1,1,1,0.24944333718750358,0,1.1213237681487203,0.0,-1.2755752044176825,0,1
-0.7881566846286537,1,36,0,0.3620916778620987,2,-1.0055360106290838,0.0,-0.12759216535379017,0,0
0.2363947515289895,1,11,1,1.0943058922469668,0,-0.7928500327513034,0.0,-1.0374109407060808,1,1
0.35563134108181876,1,13,2,-0.4827708771973646,1,-0.7219547067920432,0.0,1.0664222762057332,0,1
0.5323241421900041,1,15,1,1.206954232921562,0,-0.7928500327513034,0.0,2.1194735883229354,1,2
1.1341193059747692,0,14,2,-1.0460125805703402,3,0.3131170522131548,0.0,-1.2227561641476823,2,2
-0.7017653593276455,1,28,0,-0.4827708771973646,0,-1.2040429233150123,0.0,0.5020422884805184,0,0
-0.8599194468595232,1,19,0,-0.82071589922115,1,0.6108774212420475,0.0,1.0776844030209023,2,2
-0.6714501924621693,0,36,0,0.6437125295485865,0,-0.8070290979431554,0.0,0.9123701727837994,1,0
0.08872906770777737,0,1,1,-0.933364239895745,1,-1.487624227152053,0.0,-0.03496329504396897,2,1
-0.02098515531826321,1,23,0,0.9816575515723718,0,-0.23986649026907433,0.0,1.724751095642684,1,2
0.3574714119082512,1,27,1,0.8126850405604792,1,1.1496818985324244,0.0,0.5694966902594704,1,2
-0.9380764552122457,1,33,2,-0.9896884102330427,3,-0.45255246814685474,0.0,-0.4980613321579199,2,0
-0.5289827087256292,1,10,2,0.08047082617561092,1,-0.594343120065375,0.0,-1.0481687547828962,0,1
-0.20545225566812636,0,6,2,0.30576750752480114,0,1.2205772244916846,0.0,1.8472579226757733,0,1
0.23860283652070866,1,19,0,0.8690092108977767,2,-1.3600126404253847,0.0,-0.24259090784343307,1,2
-0.6668040136254272,1,6,1,-1.327633432256828,3,0.880279659887236,0.0,-1.0007376271359174,2,1
1.9280638658097535,1,5,0,0.9253333812350742,2,0.5683402256664913,0.0,-0.8234845647255488,1,1
-1.0425924781536144,1,35,0,-1.0460125805703402,3,-1.1473266625476042,0.0,-1.037915253444434,2,0
0.20870168559117974,1,40,2,1.2632784032588595,0,0.6250564864338994,0.0,-1.0556382439637133,1,0
0.17594842488068035,1,29,1,0.8690092108977767,2,-0.6368803156409311,0.0,0.5871990965853473,1,0
-0.6897128954145123,0,31,0,0.41841584819939626,1,0.6392355516257515,0.0,1.1088874671944358,0,0
0.5757498136938123,1,39,2,-0.4827708771973646,0,-0.5659849896816709,0.0,0.18151809394260907,0,0
-1.1532727383635322,1,14,1,-0.2574741958481744,1,-1.2182219885068644,0.0,0.08778796928577118,0,2
-0.21745871781059867,1,41,0,0.19311916685020603,0,1.1922190941079804,0.0,1.031102373351763,0,0
1.2211086542943679,1,41,0,0.13679499651290847,1,-1.2040429233150123,0.0,-0.08812454752928042,0,0
1.5272504380420835,1,5,2,-0.6517433882092573,1,0.21386359587019058,0.0,0.8597852777137488,0,1
-0.504601770275398,1,0,2,-1.3839576025941256,3,2.1847536575376227,0.0,-0.9066575711912424,2,1
-0.9155355875884469,1,1,2,-0.9896884102330427,3,-0.5376268592979668,0.0,-1.027360708277465,2,1
0.17668445321125323,1,30,2,1.826520106631835,2,-0.25404555546092633,0.0,-0.7259232070717295,1,0
-0.4313669513833825,1,16,1,1.0943058922469668,2,-1.4167289011927928,0.0,0.5175318940156606,1,2
-0.9210097982970837,1,26,1,-0.7643917288838524,0,-0.594343120065375,0.0,2.102795245618817,2,2
1.2337131394554308,1,12,0,-0.31379836618547197,0,0.7952052687361238,0.0,0.8231865818446684,0,1
1.2836250606224138,1,36,1,-1.214985091582233,3,-0.1264339687342581,0.0,-1.1428380332637087,2,0
-0.9178356761214876,1,33,0,0.02414665583831336,1,0.9369959206546441,0.0,0.7421440393961006,0,0
-0.5539616701944511,1,15,1,1.4885750846080497,2,1.9720676796598422,0.0,-0.09860962104351713,1,2
-0.9626414007451202,0,42,1,-0.14482585517357932,0,0.8377424643116799,0.0,0.31252361982662413,0,0
-0.6086577755101585,0,0,1,0.9253333812350742,0,1.433263202369465,0.0,0.4930135466494861,1,1
2.5141264240285204,1,6,0,-1.4402817729314232,3,0.7952052687361238,0.0,-0.802738270800324,2,1
-0.29073953847327494,1,5,0,1.0943058922469668,2,-0.14061303392611013,0.0,-0.7175891817680209,1,1
1.311778144266832,0,16,1,0.19311916685020603,1,0.5966983560501954,0.0,0.25570352696407467,0,2
-1.0865241691346914,1,35,0,1.826520106631835,2,-0.46673153333870676,0.0,-0.31495978579715617,1,0
-1.013795369719945,0,26,1,-0.2574741958481744,0,0.19968453067833855,0.0,1.5576794898938697,0,2
0.07764264097852142,1,14,1,0.3620916778620987,2,0.7668471383524198,0.0,-0.7439240842019381,0,2
1.8726777339341338,1,0,0,1.2632784032588595,2,0.398191443364267,0.0,0.20682893275476766,1,1
0.40250714538518795,1,5,1,0.700036699885884,1,-0.6935965764083392,0.0,-0.4669534698788716,1,1
-0.8323183844630349,1,14,0,1.826520106631835,2,2.0855002011946584,0.0,-0.9395639773688064,1,2
-0.7800603729923504,1,13,1,-0.6517433882092573,0,0.6675936820094556,0.0,0.9525119229422306,0,1
-1.1144472439258055,1,21,1,0.02414665583831336,1,-0.6510593808327831,0.0,0.47749049180006525,0,2
-0.8879805269626196,0,21,1,-1.214985091582233,3,0.07207294395167031,0.0,-1.106689616625301,2,2
1.6096396092956007,1,21,1,-0.8770400695584475,0,-1.090610401780196,0.0,1.1772424274347333,2,2
-1.1587469490721691,1,3,1,-0.9896884102330427,3,0.18550546548648653,0.0,-0.9550304256863712,2,1
0.15018743331062456,1,24,2,1.206954232921562,2,-0.3249408814201865,0.0,-0.22313112600584478,1,2
0.37872422995354715,1,41,1,-1.4966059432687207,3,0.7101308775850117,0.0,-1.0177761932245737,2,0
-0.7297344358894202,1,34,1,1.3759267439334546,0,0.5258030300909353,0.0,0.7183255546056002,1,0
-1.052298851763046,0,13,0,0.5310641888739914,2,-1.3174754448498285,0.0,-0.3637777734746072,0,1
0.12792257631079082,1,22,0,0.3620916778620987,2,0.9937121814220522,0.0,-0.4152588411734656,0,2
-0.8287302463514915,1,20,1,-1.2713092619195305,3,-0.7077756416001912,0.0,-1.1394699446182766,2,2
1.50953975633767,1,10,0,1.6575475956199424,2,-0.608522185257227,0.0,-0.4731518851171038,1,1
0.8087947838614947,1,19,1,-1.4966059432687207,3,0.6108774212420475,0.0,-1.1358934410146475,2,2
-0.5603559163163041,1,38,2,0.8126850405604792,0,0.6534146168176035,0.0,2.5110055310258486,1,0
-0.8956628226629755,1,34,0,-1.0460125805703402,3,-0.46673153333870676,0.0,0.15745517185545763,2,0
-1.1224975537914479,1,14,1,-1.1023367509076378,3,-1.3741917056172366,0.0,-0.8353590712944328,2,2
-0.19832198121570016,1,37,1,-1.1023367509076378,3,-0.7928500327513034,0.0,-1.1361610355288758,2,0
-1.0186255556393304,1,8,1,-0.7643917288838524,1,-0.6652384460246351,0.0,-0.5874430459585469,2,1
0.3648776969846423,1,40,2,-1.1586609212449355,3,0.3272961174050068,0.0,-1.004638331785631,2,0
0.7709813283783057,1,36,0,-0.08850168483628175,0,-0.6227012504490791,0.0,0.8441901781874201,0,0
-0.16349864082546423,1,21,1,-0.14482585517357932,1,-1.2465801188905685,0.0,-0.20463880125815911,0,2
0.6889141695194141,1,15,0,-0.14482585517357932,0,-0.1831502295016662,0.0,1.3915110156305766,0,2
0.7887840136240406,1,31,0,0.13679499651290847,1,-1.2749382492742725,0.0,-0.4632457420423035,0,0
0.7372160287132685,0,3,2,-1.0460125805703402,3,-0.7361337719838953,0.0,1.1855069810857093,2,1
-1.0785658628103707,1,31,0,-0.933364239895745,3,-1.2607591840824204,0.0,-1.0398064262132596,2,0
0.6316879668173618,1,36,0,0.587388359211289,0,0.3131170522131548,0.0,1.2974283866617258,0,0
0.11752617614144699,1,10,1,-1.1023367509076378,3,2.1280373967702144,0.0,-1.252528626879764,2,1
-0.07595727125793568,1,40,0,1.4322509142707522,2,-0.9771778802453798,0.0,-0.9303602698938555,1,0
-0.0852036271607592,1,26,1,-1.0460125805703402,3,-1.4592660967683488,0.0,0.9877675001918184,2,2
0.9335055841229608,0,18,2,1.0943058922469668,2,-0.14061303392611013,0.0,-1.0516809327821437,1,2
-0.27542094884322393,1,28,1,-0.20115002551087688,1,-0.7644919023675993,0.0,0.6234710183841682,0,0
0.40715332422193007,1,15,1,0.7563608702231815,2,-1.3316545100416806,0.0,0.6056862752846823,1,2
-0.5830347892520853,0,38,0,-1.214985091582233,3,0.07207294395167031,0.0,-1.1509584975608698,2,0
-1.1032688136552278,1,15,0,-1.327633432256828,3,1.433263202369465,0.0,-1.128400794616253,2,2
0.09503131028830887,0,10,0,0.08047082617561092,0,1.5325166587124293,0.0,0.8987382907032038,0,1
-1.1194154351571732,1,5,1,0.3620916778620987,0,-1.090610401780196,0.0,0.2529272338789553,0,1
-0.26378250086603805,1,22,0,-1.2713092619195305,3,0.9369959206546441,0.0,-1.1063551234825155,2,2
1.9695114611751465,1,13,1,-0.8770400695584475,0,-0.608522185257227,0.0,0.29980258830407547,2,1
-0.9680696096830962,1,26,0,-1.0460125805703402,3,-1.3600126404253847,0.0,-1.1704414366160356,2,2
2.324783135988611,1,8,0,-1.4402817729314232,3,-1.3032963796579766,0.0,-1.2716333313811647,2,1
0.3450969356004923,1,24,0,-0.14482585517357932,1,0.043714813567966256,0.0,-1.0932532843820264,0,2
1.5936769948762983,1,3,1,0.8690092108977767,2,0.7668471383524198,0.0,0.5980315283632457,1,1
-0.8843463870804152,0,16,1,0.700036699885884,0,1.461621332753169,0.0,-1.045770696251542,1,2
-0.9153515805058037,1,18,2,-0.933364239895745,3,-0.46673153333870676,0.0,-1.0791093704905517,2,2
-0.7439489830236118,0,27,0,-0.933364239895745,3,0.35565424778871085,0.0,-1.159583274596384,2,2
-0.4637061961579345,0,2,1,-1.4402817729314232,3,-0.7786709675594513,0.0,-1.2771627603338258,2,1
0.20713762538871192,0,10,2,0.13679499651290847,0,-0.21150835988537026,0.0,1.4036170943752349,0,1
-0.5522596046800009,1,26,2,1.6575475956199424,2,-0.7644919023675993,0.0,-0.18229980536844065,1,2
-1.1591149632374558,1,30,0,-1.0460125805703402,3,-0.7928500327513034,0.0,-0.9427159319835156,2,0
0.7953162650578762,1,39,2,-0.8770400695584475,1,-0.16897116430981418,0.0,-0.018982241891349394,2,0
-0.5420012098226396,0,2,1,0.8690092108977767,1,-0.3674780769957426,0.0,0.818560284377528,1,1
-1.0273658920648852,1,42,1,-1.327633432256828,3,-1.2891173144661245,0.0,-1.0697538545892598,2,0
-0.8279022144795969,1,34,2,-0.82071589922115,0,-0.5518059244898189,0.0,1.670115500304941,2,0
-1.0628332572443726,1,28,0,-1.4402817729314232,3,-1.3316545100416806,0.0,-0.8879799887029369,2,0
0.3429348523794342,1,18,0,-0.4827708771973646,1,-1.2891173144661245,0.0,0.3571089827357516,0,2
-0.47295255206075804,1,10,2,-0.4264467068600671,0,-1.4592660967683488,0.0,0.1354583881810504,0,1
-0.17826520920758532,1,29,2,-0.9896884102330427,3,0.015356683184262197,0.0,-0.8831529953501253,2,0
-0.5735124227252969,0,10,1,0.47474001853669384,1,-0.8495662935187115,0.0,-0.5493468500194577,0,1
-0.8642436133016396,1,26,2,1.2632784032588595,2,-0.9913569454372317,0.0,0.40907377897956126,1,2
0.9856255902816626,1,40,1,0.700036699885884,0,0.1146101395272264,0.0,1.8981626329593706,1,0
0.5933684918569041,1,24,1,-0.3701225365227695,0,2.1280373967702144,0.0,0.023331140671011934,0,2
-0.8355845101799527,1,31,2,-1.0460125805703402,3,0.18550546548648653,0.0,-1.2679101653995448,2,0
0.44009059201507256,0,31,2,-0.9896884102330427,3,1.419084137177613,0.0,-0.06349556012356901,2,0
0.0897411066623154,1,39,0,-1.1023367509076378,3,-0.09807583835055403,0.0,-0.87376660315873,2,0
-0.7609696381681128,0,7,0,1.0379817219096692,2,-0.8921034890942676,0.0,-0.3080872382250025,1,1
-0.23052322067826977,1,3,0,1.6575475956199424,2,-0.8921034890942676,0.0,-0.3711289035433616,1,1
-0.6421930663218919,1,30,0,0.3620916778620987,1,1.3198306808346487,0.0,-0.1577325705429357,0,0
-0.7583935390111073,1,29,0,0.13679499651290847,0,-0.594343120065375,0.0,-1.1387675090184273,0,0
1.0716028996467235,1,21,1,-0.08850168483628175,1,-1.1756847929313083,0.0,0.12910559149230194,0,2
0.7274176515625153,0,31,2,0.7563608702231815,0,-0.15479209911796216,0.0,1.9596476186516893,1,0
0.27034405827667,1,29,1,-0.82071589922115,1,0.34147518259685883,0.0,0.3801607063220205,2,0
-1.0487567154221635,1,40,1,0.02414665583831336,0,2.0004258100435464,0.0,0.9775345830467587,0,0
0.9186010104288571,1,11,1,1.319602573596157,0,-1.4025498360009407,0.0,1.7074732383057272,1,1
0.09595134570152536,1,18,1,-0.5390950475346622,0,-1.1047894669720482,0.0,1.8039616448784574,0,2
-0.9270360302536503,1,18,2,0.41841584819939626,2,0.07207294395167031,0.0,-0.4111548676139054,0,2
-1.041672442740398,0,10,2,1.319602573596157,0,-0.7928500327513034,0.0,0.7105550215962764,1,1
-0.5672101801447654,1,19,2,-0.5390950475346622,1,0.34147518259685883,0.0,0.9648804501527669,0,2
-1.113343201429946,0,22,2,1.2632784032588595,2,-1.3458335752335326,0.0,0.7304959589546407,1,2
0.9750451830296755,1,14,2,1.3759267439334546,2,0.4690867693235271,0.0,-0.09865336245449678,1,2
-0.04941424958664612,1,35,1,-1.214985091582233,3,0.1146101395272264,0.0,-0.8268758105885583,2,0
-0.7947349378331501,1,38,0,0.13679499651290847,0,1.0362493769976082,0.0,2.2657500126871946,0,0
0.34436090726991947,0,28,1,0.9253333812350742,0,0.5966983560501954,0.0,1.9348616767712865,1,0
-0.9148455610285346,0,11,2,-1.1586609212449355,3,0.8235633991198279,0.0,-1.1136830963336926,2,1
-0.45450584202577177,1,16,1,-0.08850168483628175,0,0.5683402256664913,0.0,0.6298006578553391,0,2
-0.11988896223901271,1,7,2,0.08047082617561092,1,-1.3458335752335326,0.0,0.8396873858806927,0,1
0.22797642749806069,1,12,0,1.5448992549453473,2,-0.4383734029550027,0.0,-0.9386351156415328,1,1
-0.6441711424603068,1,14,1,-0.9896884102330427,3,0.35565424778871085,0.0,-0.874134545615794,2,2
1.294251469645062,0,23,2,-1.4402817729314232,3,0.7952052687361238,0.0,-0.84584929085702,2,2
1.296367551095459,0,42,1,-0.9896884102330427,1,1.8869932885087302,0.0,0.20959493374318594,2,0
-0.1698468851766565,1,42,2,-0.14482585517357932,1,-1.3600126404253847,0.0,-0.22801729891468778,0,0
-0.8958468297456187,1,24,2,0.700036699885884,0,-1.4167289011927928,0.0,0.8418718834054998,1,2
-0.9089573343839505,1,22,2,-0.9896884102330427,1,1.0220703118057561,0.0,0.5578949242531652,2,2
-0.3648483910078458,1,30,1,-1.1586609212449355,3,1.6459491802472455,0.0,-0.20729158918286547,2,0
2.1317137045251755,1,37,1,-1.4402817729314232,3,1.007891246613904,0.0,-1.1328855757537535,2,0
-0.4284688398317512,1,24,2,-1.0460125805703402,3,1.390726006793909,0.0,-0.8504318469131809,2,2
0.16035382462666456,0,3,2,-0.20115002551087688,1,-0.26822462065277836,0.0,-0.364294951333837,0,1
-0.9193077327826337,1,29,0,-0.14482585517357932,1,0.4690867693235271,0.0,0.4677104269098532,0,0
-0.2785950710188201,1,33,2,-0.31379836618547197,0,0.9511749858464962,0.0,1.7841931001398366,0,0
-0.8722019196259605,0,2,1,-0.4827708771973646,0,-1.0622522713964921,0.0,-1.2630291385390522,0,1
-0.6871367962575068,1,29,1,-0.3701225365227695,1,0.4690867693235271,0.0,0.17443713141225817,0,0
-0.6866307767802379,0,30,2,-1.1023367509076378,3,0.7952052687361238,0.0,-1.2606928325879045,2,0
0.8025845448222848,1,20,1,-1.4966059432687207,3,2.454155896182811,0.0,-1.0683103880269318,2,2
-0.09670406982596262,1,42,1,-1.0460125805703402,3,-0.7219547067920432,0.0,-1.164711311777703,2,0
-0.7820844509014263,0,16,1,0.41841584819939626,2,-1.3458335752335326,0.0,-0.911615788776993,0,2
0.3755041060072903,1,7,0,1.4322509142707522,0,-0.05553864277499795,0.0,1.0151033090299166,1,1
1.4755904495899896,0,38,1,-0.2574741958481744,1,-0.7503128371757473,0.0,0.3980612355093936,0,0
-0.1979539670504136,1,29,0,0.41841584819939626,2,0.5966983560501954,0.0,0.07898822660633797,0,0
-0.9285080869147964,1,16,1,-0.7080675585465548,0,0.6392355516257515,0.0,0.48566498960490684,0,2
2.8868787716930937,0,40,2,0.47474001853669384,2,0.14296826991093045,0.0,-0.7077911057085821,0,0
-0.858217381345073,0,27,1,-0.9896884102330427,3,0.2705798566375987,0.0,-1.2753667894594853,2,2
2.357950412635058,1,16,1,1.0943058922469668,2,-0.9346406846698236,0.0,0.45458285756761146,1,2
-0.3530259359480167,1,40,2,-1.1586609212449355,3,0.0011776179924101694,0.0,-1.2052544537074765,2,0
0.7799516736571646,1,17,0,-1.214985091582233,3,-1.019715075820936,0.0,-1.2118619797895773,2,2
0.03210088802431566,1,10,0,1.0943058922469668,2,-0.9062825542861196,0.0,-0.6901967663980666,1,1
-0.6593517267783753,0,40,2,-0.4827708771973646,0,-1.515982357535757,0.0,0.4278105410238978,0,0
-1.128615789289336,1,2,2,-0.14482585517357932,0,-1.090610401780196,0.0,0.7168975261883238,0,1
2.800625451704068,1,15,1,-1.1586609212449355,3,0.5966983560501954,0.0,1.0817111858552042,2,2
-0.48008282651318424,1,0,0,0.3620916778620987,1,-0.7928500327513034,0.0,0.6272971053327988,0,1
0.0645321363401894,1,17,0,-1.1023367509076378,3,-0.21150835988537026,0.0,-1.079204572385037,2,2
-0.04578010970444187,1,11,0,0.5310641888739914,2,-1.3600126404253847,0.0,-0.9422039001726362,0,1
0.02340655336942193,0,28,2,0.30576750752480114,1,-0.3249408814201865,0.0,0.42256414473051646,0,0
-0.7193840374907371,0,42,2,1.6012234252826447,2,0.4690867693235271,0.0,-0.5288810157293378,1,0
0.6639352080505923,1,19,2,-0.7080675585465548,1,-1.3174754448498285,0.0,1.0155407231397133,0,2
0.7135251168229496,1,13,0,-1.0460125805703402,3,0.015356683184262197,0.0,-1.1055832162299337,2,1
-0.23797550752532162,1,19,2,0.41841584819939626,1,-0.3816571421875946,0.0,1.0565006949858813,0,2
0.7599409034197105,1,38,2,0.47474001853669384,1,0.35565424778871085,0.0,0.7576053416653149,0,0
-0.28972749951873705,1,22,0,-1.4966059432687207,3,2.3549024398398473,0.0,-1.0322108588478542,2,2
0.5551410204377679,1,6,0,-0.5954192178719597,1,-0.7786709675594513,0.0,-0.32949737238744753,0,1
-0.9304401612825506,0,4,1,-0.933364239895745,1,-1.4450870315764968,0.0,-1.0684596234290977,2,1
-1.09604653566148,1,21,0,0.700036699885884,2,-0.7503128371757473,0.0,0.3553052927888853,1,2
0.7004146121846175,0,13,2,0.19311916685020603,1,0.5683402256664913,0.0,-0.6676930969611305,0,1
-0.4336210381457624,1,3,1,1.0943058922469668,0,1.447442267561317,0.0,1.1540749177605767,1,1
-0.41885446976364116,1,4,0,0.24944333718750358,0,-1.2891173144661245,0.0,0.579755337646283,0,1
2.762581987367575,1,27,1,-0.4827708771973646,1,0.44072863893982306,0.0,0.8970169375299466,0,2
0.06835028330503712,0,21,0,0.02414665583831336,0,-0.45255246814685474,0.0,0.455313596433389,0,2
0.23607273913436386,0,11,2,1.71387176595724,2,0.6108774212420475,0.0,-0.782357346307988,1,1
0.42233390853999864,1,12,0,-1.327633432256828,3,0.880279659887236,0.0,-0.8248122451999894,2,1
1.3865770233613148,0,31,1,-1.0460125805703402,3,-0.23986649026907433,0.0,-0.9787717197516134,2,0
0.31850791215854213,1,9,0,1.3759267439334546,0,-0.4383734029550027,0.0,2.2343230954104127,1,1
-0.09444998306358271,0,22,2,0.47474001853669384,1,0.7101308775850117,0.0,-0.2502791040791482,0,2
1.5970811259051985,1,0,2,-0.03217751449898419,0,-1.3174754448498285,0.0,1.395612416165961,0,1
0.06388811155093807,1,40,0,-0.7643917288838524,1,-1.090610401780196,0.0,0.08272683073300954,2,0
-0.6117398941444331,1,34,2,0.8126850405604792,0,-1.1189685321639002,0.0,2.173936791040935,1,0
1.475544447819329,1,41,0,-0.31379836618547197,1,-0.7077756416001912,0.0,0.044365613303867166,0,0
-0.754989407982207,1,30,1,0.8690092108977767,1,-0.3674780769957426,0.0,0.4744723344424701,1,0
2.7594078651919793,0,7,1,-0.6517433882092573,0,-0.14061303392611013,0.0,1.954812906226352,0,1
-0.022181201355444453,1,40,1,0.19311916685020603,0,0.8235633991198279,0.0,-1.2450102502396168,0,0
-1.047606671155643,1,36,1,0.6437125295485865,2,0.38401237817241496,0.0,-0.4401271198274773,1,0
-0.32381481157840003,1,10,2,-1.214985091582233,3,-1.4167289011927928,0.0,-0.8533548023762908,2,1
-0.06109869933449277,0,17,2,-1.1586609212449355,3,-0.3674780769957426,0.0,-1.276787098804236,2,2
-1.1232795838926817,1,27,1,1.7701959362945374,2,-0.594343120065375,0.0,-0.04739872088306245,1,2
-0.11151663997874464,1,29,0,-0.4264467068600671,1,-0.9629988150535277,0.0,0.4107616828385401,0,0
